n_snp,var_cos,cache_pool_cos,ref_pool_cos,cache_relerr,ref_relerr
1,1.0,0.9999964237213135,0.999994158744812,0.0027620340697467327,0.0034412797540426254
1,0.9999997615814209,0.9999995231628418,0.9999997019767761,0.0007627494051121175,0.0007698696572333574
1,0.9999998807907104,0.9999954700469971,0.9999950528144836,0.003057642374187708,0.0032522697001695633
2,0.9999985694885254,0.9999989867210388,0.999998927116394,0.0015025708125904202,0.0015102223260328174
1,1.0,0.9999990463256836,0.9999990463256836,0.0013548261485993862,0.0013637716183438897
1,1.000000238418579,0.9999997019767761,0.9999995231628418,0.0007381650502793491,0.00084521877579391
1,1.0000001192092896,0.9999983906745911,0.9999983906745911,0.0018391268095001578,0.0018757504876703024
1,0.9999998211860657,0.9999995827674866,0.9999993443489075,0.0011489208554849029,0.001247244537808001
1,0.9999998211860657,0.9999995827674866,0.9999995231628418,0.0010882456554099917,0.0012454750249162316
1,1.0,0.9999979138374329,0.999997615814209,0.002285724738612771,0.0024405033327639103
1,0.9999999403953552,0.999996542930603,0.9999964833259583,0.002698918106034398,0.0027678085025399923
1,1.0,0.9999986290931702,0.9999986290931702,0.0018883293960243464,0.0019602137617766857
1,1.0,0.9999992847442627,0.9999991655349731,0.0013681391719728708,0.0015605819644406438
1,0.9999999403953552,0.9999963641166687,0.999995231628418,0.0028028739616274834,0.0031958981417119503
1,0.9999998807907104,0.9999983310699463,0.9999983310699463,0.002138335956260562,0.002182100201025605
1,1.0,0.9999992251396179,0.9999990463256836,0.0011106882011517882,0.0013122368836775422
2,0.999996542930603,0.9999990463256836,0.9999988675117493,0.0013688940089195967,0.0015316263306885958
1,1.0000001192092896,0.9999983310699463,0.9999982118606567,0.0021198003087192774,0.002166673308238387
2,0.9999804496765137,0.9999977946281433,0.9999969005584717,0.0028528086841106415,0.0030097702983766794
1,0.9999998211860657,0.9999992251396179,0.9999991059303284,0.0013680076226592064,0.001473033451475203
1,1.0,0.9999990463256836,0.9999986290931702,0.0014108968898653984,0.001631984836421907
1,0.9999999403953552,0.9999927878379822,0.9999924302101135,0.004051344469189644,0.004163048695772886
1,1.0000001192092896,0.999997079372406,0.9999966621398926,0.0025642153341323137,0.002731102053076029
1,1.0000001192092896,0.9999993443489075,0.9999992847442627,0.0014680986059829593,0.001585703226737678
1,0.9999998807907104,0.9999976754188538,0.9999975562095642,0.0021518347784876823,0.002239988185465336
1,0.9999999403953552,0.9999858140945435,0.9999852776527405,0.0055696857161819935,0.005721141584217548
1,0.9999999403953552,0.9999952912330627,0.9999951124191284,0.003128049662336707,0.003225212451070547
1,1.0000001192092896,0.9999977350234985,0.9999975562095642,0.003593796631321311,0.003694696817547083
1,1.0000001192092896,0.9999988675117493,0.9999984502792358,0.0016094049206003547,0.0018717668717727065
1,0.9999999403953552,0.9999931454658508,0.9999923706054688,0.005489803850650787,0.005818906240165234
1,0.9999999403953552,0.9999990463256836,0.9999986886978149,0.0014596096007153392,0.0015633656876161695
2,0.9999966025352478,0.9999947547912598,0.9999945163726807,0.00418526865541935,0.004203781019896269
1,0.9999999403953552,0.9999974966049194,0.9999974966049194,0.003011773806065321,0.002954113995656371
1,1.0000001192092896,0.9999998807907104,0.9999998211860657,0.0006556619191542268,0.0006895348778925836
1,1.0000001192092896,0.999998152256012,0.9999979138374329,0.002048780443146825,0.002089963061735034
1,1.0,0.9999984502792358,0.9999982714653015,0.0018746951827779412,0.0019737936090677977
1,1.0,0.9999994039535522,0.999999463558197,0.0011882551480084658,0.0012306864373385906
1,1.0,0.9999982118606567,0.9999975562095642,0.002166151301935315,0.002532459096983075
1,0.9999998807907104,0.9999992251396179,0.9999993443489075,0.0015635283198207617,0.0015370239270851016
2,0.9999887943267822,0.999995231628418,0.9999942183494568,0.0030562588945031166,0.0033978798892349005
1,1.0000001192092896,0.9999986290931702,0.9999982118606567,0.0016087403055280447,0.0018750685267150402
1,1.0000001192092896,0.9999985098838806,0.9999980926513672,0.0017899541417136788,0.0019004872301593423
1,0.9999998807907104,0.9999988079071045,0.9999985098838806,0.0015260550426319242,0.00164277374278754
1,0.9999999403953552,0.9999873638153076,0.9999872446060181,0.005055500194430351,0.005056801252067089
1,0.9999999403953552,0.9999977350234985,0.9999970197677612,0.0020881963428109884,0.002377126133069396
1,1.0,0.9999926090240479,0.9999926090240479,0.006959379184991121,0.006970475427806377
1,0.9999998807907104,0.9999984502792358,0.9999984502792358,0.001782784005627036,0.0018887645564973354
1,1.0000001192092896,0.9999990463256836,0.9999988079071045,0.0015579526079818606,0.0017065469874069095
2,0.9999938011169434,0.9999985098838806,0.9999979138374329,0.0022795407567173243,0.0024943994358181953
1,1.0,0.9999986886978149,0.9999985098838806,0.0016857244772836566,0.001751395990140736
1,1.0,0.9999960660934448,0.9999954700469971,0.0028261523693799973,0.0030317408964037895
1,0.9999999403953552,0.9999933242797852,0.9999932646751404,0.0036311601288616657,0.0037042933981865644
1,1.0,0.9999996423721313,0.9999997019767761,0.0009140192996710539,0.0009002527804113925
1,1.0,0.9999979734420776,0.9999975562095642,0.0020526908338069916,0.0022203493863344193
2,0.9999992847442627,0.9999989867210388,0.9999986886978149,0.0015941343735903502,0.0018742573447525501
1,1.0,0.9999997615814209,0.9999997019767761,0.0007662499556317925,0.0007835821597836912
1,0.9999998807907104,0.9999991655349731,0.9999988079071045,0.0013566624838858843,0.0016719769919291139
1,1.0,0.9999945163726807,0.9999948740005493,0.0036716109607368708,0.003614436835050583
1,1.0000001192092896,0.9999996423721313,0.9999995231628418,0.0008640589658170938,0.0010021820198744535
2,0.9999988675117493,0.9999985098838806,0.999998152256012,0.0027051239740103483,0.0026856919284909964
1,1.0,0.9999701380729675,0.9999700784683228,0.010799788869917393,0.010796659626066685
1,1.0,0.9999991655349731,0.999998927116394,0.001577717368490994,0.0016355596017092466
1,1.0,0.9999984502792358,0.9999983310699463,0.0021630856208503246,0.002203828888013959
1,1.0000001192092896,0.9999939203262329,0.9999932050704956,0.0036252436693757772,0.0038147878367453814
1,1.0000001192092896,0.9999974966049194,0.9999974370002747,0.0023016813211143017,0.0023467603605240583
1,0.9999998807907104,0.9999986886978149,0.9999986886978149,0.0015778456581756473,0.0015585082583129406
1,1.0,0.9999992847442627,0.9999988675117493,0.0013983708340674639,0.0016197627410292625
1,1.0,0.9999990463256836,0.9999982714653015,0.0014859321527183056,0.0021613205317407846
1,1.0,0.9999976754188538,0.9999975562095642,0.0022591743618249893,0.0022743060253560543
1,0.9999998807907104,0.9999942183494568,0.9999932050704956,0.0034834216348826885,0.0036844336427748203
1,1.0000001192092896,0.9999992847442627,0.9999990463256836,0.001355974469333887,0.0013885842636227608
1,1.0000001192092896,0.9999992847442627,0.9999991655349731,0.0011795387836173177,0.0012382351560518146
1,1.0,0.9999980926513672,0.9999978542327881,0.001969770761206746,0.002041507512331009
1,1.0,0.9999989867210388,0.9999990463256836,0.0015793511411175132,0.0015268062707036734
1,1.0,0.9999987483024597,0.9999987483024597,0.0015796887455508113,0.0016327014891430736
2,0.9999995231628418,0.9999995827674866,0.9999992847442627,0.0010167077416554093,0.0011719788890331984
1,1.0,0.9999997019767761,0.9999996423721313,0.0007075162138789892,0.0007869967957958579
1,0.9999999403953552,0.9999998211860657,0.9999995231628418,0.000940613797865808,0.001099707093089819
1,1.0,0.9999988079071045,0.9999986886978149,0.0014884024858474731,0.0017969624605029821
1,1.0,0.9999987483024597,0.9999982714653015,0.0015908204950392246,0.001866258098743856
1,1.0,0.9999985098838806,0.9999982714653015,0.0017337760655209422,0.0018698993371799588
1,1.0,1.0,0.9999998211860657,0.00022032424749340862,0.0002479355316609144
1,1.0,0.9999971389770508,0.9999969005584717,0.002526006195694208,0.0025505865924060345
1,1.0,0.9999988675117493,0.9999986290931702,0.0015876153483986855,0.001713190576992929
1,0.9999998807907104,0.9999973177909851,0.9999969005584717,0.0023189103230834007,0.002536569256335497
2,0.9999991655349731,0.9999980330467224,0.9999979734420776,0.002083458472043276,0.002094837138429284
1,0.9999998807907104,0.9999985098838806,0.9999985694885254,0.001855033333413303,0.001816923962906003
1,0.9999998807907104,0.9999996423721313,0.9999997019767761,0.000731217151042074,0.0007944093667902052
1,1.0,0.9999988675117493,0.9999986290931702,0.0015119616873562336,0.001632990431971848
1,1.0,0.9999997615814209,0.9999992847442627,0.0009300296078436077,0.0012843862641602755
1,1.0,0.9999990463256836,0.9999986886978149,0.0013713156804442406,0.0016528447158634663
1,1.0000001192092896,0.999997079372406,0.9999968409538269,0.0027320855297148228,0.002747324528172612
1,0.9999998807907104,0.9999991655349731,0.9999990463256836,0.0014326008968055248,0.0015745545970275998
1,0.9999999403953552,0.9999988079071045,0.9999988079071045,0.0015490972436964512,0.001555504510179162
1,0.9999999403953552,0.9999997019767761,0.9999997019767761,0.0007510045543313026,0.0008643235196359456
1,0.9999999403953552,0.9999998807907104,0.9999997019767761,0.0006292170728556812,0.0008731567650102079
1,1.0,0.9999954104423523,0.9999953508377075,0.0030959618743509054,0.0031725652515888214
1,1.0,0.9999983310699463,0.999998152256012,0.0024582534097135067,0.0025738440454006195
1,0.9999998807907104,0.9999990463256836,0.9999991655349731,0.0017327695386484265,0.0017000088701024652
1,1.0000001192092896,0.9999988675117493,0.999998927116394,0.0014770887792110443,0.0015240932116284966
1,1.0,0.9999541640281677,0.999949038028717,0.02267192117869854,0.022874148562550545
1,0.9999999403953552,0.9999992251396179,0.9999992847442627,0.0015203116927295923,0.0015002830186858773
2,0.9999830722808838,0.9999927878379822,0.9999914765357971,0.004022120963782072,0.004698830656707287
1,1.0000001192092896,0.999997615814209,0.9999972581863403,0.002244414994493127,0.0023200290743261576
1,0.9999999403953552,0.9999974966049194,0.9999963045120239,0.0024107894860208035,0.003014909802004695
1,1.0000001192092896,0.999998152256012,0.9999980330467224,0.001913229702040553,0.0019699602853506804
2,0.9999911785125732,0.9999974966049194,0.9999974966049194,0.0022638312075287104,0.0022828758228570223
1,0.9999998807907104,0.9999969601631165,0.9999964833259583,0.0027612915728241205,0.002988613210618496
1,1.0000001192092896,0.9999967813491821,0.9999966025352478,0.0026311492547392845,0.0026535913348197937
2,0.9999983310699463,0.9999987483024597,0.9999988079071045,0.0015453955857083201,0.0015568523667752743
1,0.9999998807907104,1.0,1.0,7.559425307945844e-10,0.00027739774668589234
1,1.0,0.9999985694885254,0.9999985098838806,0.0016594498883932829,0.001715259742923081
2,0.9999949336051941,0.9999986886978149,0.9999983906745911,0.0016572028398513794,0.0017772960709407926
1,1.0,0.9999995827674866,0.999999463558197,0.00100271450355649,0.001037397887557745
2,0.9999518394470215,0.9999980926513672,0.9999979734420776,0.0018766543362289667,0.002003009896725416
1,1.0000001192092896,0.9999989867210388,0.999998927116394,0.001973796170204878,0.002109426073729992
1,0.9999998807907104,0.999998927116394,0.9999982118606567,0.0016591522144153714,0.0018913201056420803
2,0.9999983906745911,0.9999987483024597,0.9999984502792358,0.001650571241043508,0.0019180497620254755
1,1.0,0.9999992251396179,0.9999992251396179,0.0011098913382738829,0.0012407019967213273
1,0.9999999403953552,0.9999964833259583,0.9999958872795105,0.002666472690179944,0.0028471469413489103
1,0.9999998807907104,0.9999992847442627,0.9999991655349731,0.0011795962927863002,0.0012922072783112526
1,0.9999999403953552,0.9999964237213135,0.9999962449073792,0.0029991192277520895,0.0031177205964922905
1,1.0,0.9999991655349731,0.999998927116394,0.0013984281104058027,0.0015287607675418258
1,0.9999999403953552,0.9999983310699463,0.9999982118606567,0.001820348552428186,0.0019577285274863243
1,1.0000001192092896,0.9999991655349731,0.9999988079071045,0.001224018749780953,0.0015141782350838184
1,0.9999998807907104,0.9999991655349731,0.999998927116394,0.001389871584251523,0.00148398382589221
2,0.9999988079071045,0.9999978542327881,0.999997615814209,0.0021421220153570175,0.0021886753384023905
1,0.9999998807907104,0.9999998211860657,0.9999996423721313,0.000679612101521343,0.0007987170247361064
1,1.0,0.9999973177909851,0.9999970197677612,0.0023813953157514334,0.0023773708380758762
1,0.9999999403953552,0.9999994039535522,0.9999994039535522,0.0010396144352853298,0.0011689122766256332
2,0.9999915957450867,0.9999834299087524,0.999983549118042,0.007103207055479288,0.007091411389410496
1,1.0,0.999999463558197,0.9999995231628418,0.0010215488728135824,0.0010949698043987155
1,1.0000001192092896,0.9999879002571106,0.9999873638153076,0.004922716878354549,0.005033102352172136
2,0.9999840259552002,0.9999818205833435,0.9999806880950928,0.006223051808774471,0.0063978759571909904
1,1.0000001192092896,0.9999983310699463,0.999998152256012,0.0022220034152269363,0.0022724273148924112
1,0.9999999403953552,0.9999989867210388,0.9999988675117493,0.0016049894038587809,0.0016332537634298205
1,0.9999999403953552,0.9999876022338867,0.9999871850013733,0.00501395296305418,0.005104037467390299
2,0.9897388219833374,0.9999752044677734,0.9999757409095764,0.0077537898905575275,0.007440654095262289
1,1.0,0.9999956488609314,0.9999953508377075,0.002971458714455366,0.003070093458518386
1,1.0,0.9999938011169434,0.999992847442627,0.003512015799060464,0.0037561687640845776
2,0.9999918937683105,0.9999968409538269,0.9999964237213135,0.003209158778190613,0.003640518756583333
1,1.0,0.9999996423721313,0.9999993443489075,0.001053178682923317,0.001046383986249566
1,0.9999998807907104,0.9999993443489075,0.9999994039535522,0.0010169337037950754,0.001159374718554318
1,1.0000001192092896,0.9999979734420776,0.9999980926513672,0.002842404181137681,0.00278304610401392
1,0.9999999403953552,0.9999995231628418,0.9999993443489075,0.001607429003342986,0.001676609506830573
2,0.9999955892562866,0.9999976754188538,0.9999975562095642,0.0021560320165008307,0.002221022266894579
1,1.0,0.9999772310256958,0.9999767541885376,0.0069792792201042175,0.007138136774301529
1,1.0000001192092896,0.9999985098838806,0.9999985694885254,0.0016825204947963357,0.001729146228171885
2,0.999997615814209,0.9999980330467224,0.9999978542327881,0.0019774336833506823,0.002061443403363228
1,0.9999998807907104,0.999980092048645,0.9999794960021973,0.006598702631890774,0.006719701923429966
1,1.0,0.9999980926513672,0.9999979138374329,0.0021258604247123003,0.0022190005984157324
1,1.0,0.99997478723526,0.9999743700027466,0.010371915996074677,0.01045082975178957
1,1.0000001192092896,0.9999943971633911,0.9999943971633911,0.005688595585525036,0.00572956120595336
1,0.9999999403953552,0.9999979734420776,0.9999973773956299,0.0020908110309392214,0.002331449883058667
2,0.9999618530273438,0.9999960064888,0.9999951124191284,0.002981978002935648,0.0032067655120044947
1,0.9999998807907104,0.9999983310699463,0.9999982118606567,0.0018231394933536649,0.0019477636087685823
1,1.0,0.9999964833259583,0.9999962449073792,0.003318951465189457,0.003407169133424759
1,1.0,0.9999974370002747,0.9999966621398926,0.002318392274901271,0.0025316677056252956
1,0.9999999403953552,0.9999983310699463,0.9999982118606567,0.0019099900964647532,0.0019990706350654364
1,1.0,0.9999992847442627,0.9999994039535522,0.0013981717638671398,0.001361262984573841
1,0.9999999403953552,0.9999954700469971,0.999995231628418,0.0032001850195229053,0.0032730717211961746
1,1.0,0.9999977350234985,0.9999977946281433,0.002113768132403493,0.0021497169509530067
1,1.0000001192092896,0.9999960660934448,0.9999962449073792,0.0031644534319639206,0.0032729157246649265
1,1.0,0.9999995827674866,0.9999995827674866,0.0014286973746493459,0.0013847530353814363
1,1.0000001192092896,0.9999992847442627,0.9999992847442627,0.0015984108904376626,0.0016294282395392656
1,1.0000001192092896,0.9999988079071045,0.9999984502792358,0.001670953817665577,0.0017715973081067204
1,1.0,0.9999986886978149,0.9999983906745911,0.0017793599981814623,0.001959719927981496
1,1.0,0.999995768070221,0.999995768070221,0.003455363679677248,0.0034134318120777607
1,1.0,0.999998927116394,0.9999985098838806,0.0016485770465806127,0.0018818761454895139
1,0.9999998807907104,0.9999969005584717,0.9999964237213135,0.0028418709989637136,0.0029709406662732363
2,0.9999911785125732,0.9999985694885254,0.9999977350234985,0.0017532125348225236,0.0021800873801112175
1,0.9999998807907104,0.9999995827674866,0.9999984502792358,0.0009573320276103914,0.001740164472721517
1,1.0,0.99996417760849,0.9999638199806213,0.009876333177089691,0.010024553164839745
2,0.9999721050262451,0.9999521374702454,0.9999496936798096,0.011744796298444271,0.01215953566133976
1,0.9999999403953552,0.9999950528144836,0.9999940395355225,0.0034744415897876024,0.003806484630331397
1,0.9999999403953552,0.9999961256980896,0.9999961256980896,0.0035924753174185753,0.003606202779337764
1,1.0,0.999997079372406,0.9999966621398926,0.0025114172603935003,0.0026554681826382875
1,0.9999998211860657,0.9999953508377075,0.9999949336051941,0.003069855272769928,0.003203335916623473
1,1.0,0.9999984502792358,0.9999983310699463,0.0025859796442091465,0.00256674294359982
1,0.9999998807907104,0.999998152256012,0.9999979734420776,0.0022596903145313263,0.0023197547998279333
1,0.9999998807907104,0.9999988079071045,0.9999985694885254,0.001555214636027813,0.001693453872576356
1,0.9999998807907104,0.9999995231628418,0.9999995231628418,0.0010923176305368543,0.0013730456121265888
1,0.9999999403953552,0.9999982714653015,0.999998152256012,0.002000940963625908,0.002106194384396076
1,1.0000001192092896,0.9999966621398926,0.999996542930603,0.0029447688721120358,0.0030867517925798893
1,1.0000001192092896,0.9999997615814209,0.9999995827674866,0.0008432810427621007,0.0009541352046653628
1,1.0,0.9999982118606567,0.9999979734420776,0.0019455740693956614,0.002057846402749419
1,1.0,0.9999998807907104,0.9999998807907104,0.0004675877862609923,0.0005029417807236314
3,0.9999095797538757,0.9999648332595825,0.9999641180038452,0.008616178296506405,0.008636163547635078
2,0.9999997615814209,0.9999997615814209,0.9999997019767761,0.0008639844018034637,0.0009375892113894224
2,0.9998677372932434,0.999966025352478,0.999964714050293,0.008495848625898361,0.008562694303691387
2,0.9999966621398926,0.9999632239341736,0.9999624490737915,0.008751810528337955,0.008814007975161076
1,1.0,0.999993622303009,0.9999935626983643,0.003951780963689089,0.003981546964496374
1,1.0,0.9999964237213135,0.9999958872795105,0.0027256670873612165,0.0028773387894034386
1,1.0000001192092896,0.9999992251396179,0.9999991655349731,0.0013869801769033074,0.001349742989987135
1,0.9999997615814209,0.9999990463256836,0.9999990463256836,0.0014903686242178082,0.0014685573987662792
1,1.000000238418579,0.9999929666519165,0.9999922513961792,0.0038077968638390303,0.0039740013889968395
1,0.9999999403953552,0.9999988079071045,0.9999986886978149,0.0016009649261832237,0.0016774659743532538
1,0.9999998807907104,0.9999985098838806,0.9999983310699463,0.002208719728514552,0.0023771757259964943
1,1.0,0.999999463558197,0.9999994039535522,0.00103181810118258,0.0010866255033761263
1,1.0,0.9999983310699463,0.9999976754188538,0.001911786152049899,0.0021389664616435766
1,1.0000001192092896,0.9999980926513672,0.9999979734420776,0.0019472847925499082,0.0020117945969104767
1,0.9999998807907104,0.9999989867210388,0.9999991655349731,0.001383334631100297,0.0013876750599592924
1,1.0,0.9999990463256836,0.9999986886978149,0.0014548668405041099,0.0019264639122411609
1,0.9999998807907104,0.9999969601631165,0.9999972581863403,0.0023945586290210485,0.002438630908727646
1,1.0,0.9999971389770508,0.9999971389770508,0.00237443670630455,0.0024116234853863716
1,1.0,0.9999988079071045,0.9999983310699463,0.001867656479589641,0.0022271904163062572
1,0.9999998807907104,0.9999991655349731,0.999998927116394,0.0013692246284335852,0.0015282391104847193
1,0.9999999403953552,0.999998927116394,0.9999983906745911,0.001977260923013091,0.0022002088371664286
1,1.0,0.9999998807907104,0.9999997615814209,0.0005394433974288404,0.0005952685023657978
1,0.9999999403953552,0.9999988079071045,0.9999988079071045,0.0015315964119508862,0.0015394779620692134
1,1.000000238418579,1.0,0.9999998807907104,0.000411317654652521,0.0004601716354954988
1,0.9999999403953552,0.9999990463256836,0.9999988079071045,0.001398700987920165,0.0014542554272338748
1,0.9999998807907104,0.9999992847442627,0.9999991655349731,0.001157386926934123,0.0013015802251175046
1,1.0,0.9999961256980896,0.9999960660934448,0.0028081927448511124,0.002852716716006398
2,0.9999995231628418,0.9999997019767761,0.9999995827674866,0.0008705551153980196,0.0009708345751278102
1,0.9999999403953552,0.9999998807907104,0.9999995231628418,0.0005522874416783452,0.0009035402326844633
1,0.9999999403953552,0.999997615814209,0.9999970197677612,0.002433833433315158,0.0027085421606898308
1,1.0,0.9999958276748657,0.999995768070221,0.0030253564473241568,0.0030633078422397375
1,1.0,0.9999988675117493,0.9999986886978149,0.0016608727164566517,0.001751011935994029
1,0.9999998807907104,0.999997615814209,0.9999973773956299,0.0023039872758090496,0.002435792237520218
1,0.9999998807907104,0.9999983906745911,0.9999982714653015,0.0018093012040480971,0.0018456059042364359
1,1.0,0.9999987483024597,0.9999986290931702,0.0021316944621503353,0.002206582808867097
1,1.0,0.9999983310699463,0.9999983310699463,0.0018991517135873437,0.0019310633651912212
1,1.0,0.9999997615814209,0.9999995827674866,0.000563509704079479,0.0009497822029516101
1,1.0,0.9999984502792358,0.9999983310699463,0.001778238220140338,0.0018109711818397045
1,1.0,0.9999927282333374,0.999992847442627,0.005812590476125479,0.005886248778551817
2,0.9999784827232361,0.9999984502792358,0.9999979734420776,0.002112089656293392,0.002370858332142234
1,0.9999999403953552,0.9999974370002747,0.9999971389770508,0.0023685770574957132,0.0025235870853066444
1,0.9999999403953552,0.9999973177909851,0.9999966025352478,0.0023889297153800726,0.0026928004808723927
1,1.0,0.9999984502792358,0.9999983310699463,0.002000483451411128,0.0020092802587896585
1,0.9999998807907104,0.9999991655349731,0.999998927116394,0.0015196693129837513,0.001730194897390902
2,0.9999662041664124,0.9999955892562866,0.999994158744812,0.0032309931702911854,0.0036069562193006277
1,1.0000001192092896,0.9999967217445374,0.9999954700469971,0.0025528280530124903,0.0030121062882244587
2,0.9999970197677612,0.9999977350234985,0.9999975562095642,0.002145031001418829,0.0022205775603652
1,1.0,0.999997079372406,0.9999964833259583,0.00316608720459044,0.0034249809104949236
1,0.9999998807907104,0.9999979734420776,0.9999977350234985,0.002086143009364605,0.0022236539516597986
1,1.0,0.9999916553497314,0.9999920129776001,0.005457472521811724,0.0050540491938591
1,1.0,0.9999999403953552,0.9999999403953552,0.00048588329809717834,0.0005973299848847091
1,1.0,0.999995231628418,0.9999943375587463,0.0030874996446073055,0.0033750743605196476
2,0.9999969601631165,0.9999994039535522,0.9999988675117493,0.001239019795320928,0.001455784193240106
3,0.9999909400939941,0.9999931454658508,0.9999914765357971,0.003703819354996085,0.004153071902692318
1,0.9999998807907104,0.9999986886978149,0.9999985694885254,0.001566777820698917,0.0017021215753629804
1,1.0,0.9998729228973389,0.9998705387115479,0.016691306605935097,0.016659466549754143
1,1.0000001192092896,0.9999995827674866,0.9999991655349731,0.0010848992969840765,0.0013196385698392987
1,1.0,0.9999998211860657,0.9999996423721313,0.0008413682808168232,0.0008768633706495166
1,1.0,0.9999994039535522,0.9999994039535522,0.0015665787504985929,0.0013241312699392438
1,0.9999998807907104,0.9999973773956299,0.9999973177909851,0.0024851257912814617,0.0025290013290941715
1,1.0000001192092896,0.9999988675117493,0.9999986290931702,0.0016301037976518273,0.0016743669984862208
1,0.9999998211860657,0.9999955892562866,0.9999948740005493,0.002978656440973282,0.0031865849159657955
1,1.0,0.9999996423721313,0.9999996423721313,0.000882188614923507,0.0009439194691367447
1,0.9999999403953552,0.9999959468841553,0.9999957084655762,0.00345826568081975,0.003495837328955531
1,1.0,0.9999955892562866,0.9999954104423523,0.0030746476259082556,0.0032051135785877705
1,1.000000238418579,0.9999982714653015,0.9999978542327881,0.0019250892801210284,0.002165343379601836
1,0.9999999403953552,0.9999927282333374,0.9999920725822449,0.0038792432751506567,0.004024507477879524
1,1.0000001192092896,0.9999990463256836,0.9999988079071045,0.0015431155916303396,0.0017317505553364754
1,0.9999999403953552,0.9999996423721313,0.9999995231628418,0.0009191917488351464,0.001095909858122468
1,1.0,0.9999973177909851,0.9999972581863403,0.002348503563553095,0.002431809203699231
1,0.9999999403953552,0.9995841979980469,0.999587893486023,0.03185473009943962,0.031653180718421936
1,0.9999998807907104,0.9999980926513672,0.9999979138374329,0.0019871587865054607,0.002059091115370393
1,1.0,0.9999988079071045,0.9999985098838806,0.0015667311381548643,0.0016700855921953917
1,1.0,0.9999986886978149,0.9999986290931702,0.001982311485335231,0.00208856537938118
1,0.9999999403953552,0.9999991655349731,0.9999988675117493,0.0015201139030978084,0.0015494710532948375
1,0.9999997615814209,0.9999967217445374,0.9999964833259583,0.002633156254887581,0.002691377652809024
1,0.9999998807907104,1.0,0.9999996423721313,0.0003893836692441255,0.0007102236850187182
1,1.0,0.9999983310699463,0.9999982118606567,0.001969151198863983,0.001946489792317152
1,1.0,0.9999989867210388,0.9999986886978149,0.0015165426302701235,0.0015777881490066648
1,0.9999998807907104,0.9999995231628418,0.9999995231628418,0.0009614536538720131,0.0009782592533156276
1,0.9999999403953552,0.9999997019767761,0.9999997615814209,0.0007402665796689689,0.0008051219047047198
1,1.0,0.9999977350234985,0.9999975562095642,0.002287454204633832,0.0023415368050336838
1,1.0000001192092896,0.9999974966049194,0.9999974370002747,0.0038852037396281958,0.003879581345245242
1,0.9999998807907104,0.9999956488609314,0.9999954700469971,0.003360436297953129,0.003469286486506462
1,1.0,0.9999938011169434,0.9999936819076538,0.0035745459608733654,0.0036361138336360455
1,1.0000001192092896,0.9999991655349731,0.9999990463256836,0.0013982887612655759,0.0014596686232835054
1,1.0,0.9999990463256836,0.999998927116394,0.0017397889168933034,0.0017341187922284007
2,0.9999963045120239,0.9999980330467224,0.9999977946281433,0.002007857197895646,0.0021025161258876324
1,0.9999999403953552,0.9999995827674866,0.999999463558197,0.000987450359389186,0.0010513340821489692
1,1.0,0.9999951124191284,0.9999950528144836,0.003133775433525443,0.003125258255749941
1,0.9999999403953552,0.9999990463256836,0.9999992251396179,0.00138459715526551,0.0013021623017266393
1,1.0,0.9999945163726807,0.999994158744812,0.0033510997891426086,0.003472859039902687
1,0.9999998807907104,0.9999992251396179,0.9999988675117493,0.0012916784035041928,0.0015113692497834563
1,1.0000001192092896,0.9999988675117493,0.9999988675117493,0.0014770054258406162,0.0015088219661265612
1,0.9999999403953552,0.9999963641166687,0.9999964237213135,0.003727457718923688,0.003815999021753669
1,1.0,0.9999989867210388,0.9999988675117493,0.0013930140994489193,0.0014828776475042105
1,1.0000001192092896,0.9999934434890747,0.9999929666519165,0.0036435816437005997,0.003765296656638384
1,0.9999998807907104,0.9999938011169434,0.9999935030937195,0.004093400668352842,0.004142511170357466
1,1.0,0.9999911189079285,0.9999911785125732,0.004965977277606726,0.004937843885272741
1,1.0,0.9999977946281433,0.9999973177909851,0.002156848320737481,0.002395815681666136
1,0.9999998807907104,0.9999983310699463,0.9999982118606567,0.001877572969533503,0.001946479780599475
1,0.9999999403953552,0.9999947547912598,0.9999931454658508,0.0032724046614021063,0.003732220968231559
2,0.9999948143959045,0.9999949336051941,0.9999948143959045,0.0032335473224520683,0.0032344134524464607
1,1.0,0.9999954700469971,0.9999952912330627,0.003227622713893652,0.0031761671416461468
1,1.0,0.9999964237213135,0.9999961256980896,0.0030387085862457752,0.0031283798161894083
1,0.9999998807907104,0.9999992847442627,0.9999990463256836,0.0010779874864965677,0.0013318288838490844
1,1.0,0.9999984502792358,0.9999986290931702,0.00171714648604393,0.0017038499936461449
1,1.0,0.9999989867210388,0.999998927116394,0.0014594102976843715,0.001632754341699183
1,0.9999998211860657,0.9999999403953552,0.9999998807907104,7.291707879630849e-05,0.0001845430233515799
1,1.000000238418579,0.9999993443489075,0.9999989867210388,0.0012477694544941187,0.00138677260838449
1,0.9999998807907104,0.9999992847442627,0.9999988675117493,0.001279443153180182,0.001897103968076408
1,1.0000001192092896,0.9999986886978149,0.9999986886978149,0.0016471242997795343,0.0016243443824350834
2,0.9999951720237732,0.9999982118606567,0.9999973177909851,0.001982659799978137,0.0022981460206210613
1,0.9999999403953552,0.9999980926513672,0.9999973773956299,0.0019948745612055063,0.0023351311683654785
1,0.9999999403953552,0.9999991059303284,0.9999990463256836,0.0012623120564967394,0.0013786263298243284
1,0.9999998807907104,0.9999968409538269,0.9999963045120239,0.0026958133094012737,0.002801637165248394
1,1.0,0.9999992251396179,0.999998927116394,0.0012949544470757246,0.001480295555666089
1,1.0,0.999994158744812,0.9999942183494568,0.004006309900432825,0.003936480730772018
1,0.9999999403953552,0.9999988675117493,0.9999982714653015,0.0028941372875124216,0.003967067692428827
1,1.0000001192092896,0.9999963641166687,0.9999961256980896,0.003510660957545042,0.003573514986783266
1,0.9999999403953552,0.999998152256012,0.9999978542327881,0.0019484234508126974,0.0021021405700594187
1,1.0,0.9999984502792358,0.9999983906745911,0.002959745703265071,0.0029485849663615227
1,1.0,0.9999991655349731,0.9999992251396179,0.0013355816481634974,0.0013269371120259166
1,1.0,0.9999972581863403,0.999997079372406,0.0023805745877325535,0.0024669612757861614
1,1.0,0.9999994039535522,0.9999991059303284,0.0010912386933341622,0.0014424561522901058
1,0.9999999403953552,0.9999921917915344,0.999992311000824,0.005632776767015457,0.005653130356222391
2,0.9999806880950928,0.9999983310699463,0.999997615814209,0.0020875500049442053,0.002208079444244504
1,1.0,0.9999983906745911,0.9999977350234985,0.0019063081126660109,0.002203136682510376
4,0.9999843835830688,0.9999980926513672,0.9999973773956299,0.0020978832617402077,0.002449882449582219
3,0.9999870657920837,0.9999979734420776,0.9999974370002747,0.0021676693577319384,0.002474368317052722
3,0.9999756813049316,0.9999986886978149,0.999998152256012,0.0016541898949071765,0.0019434040877968073
2,0.9999861121177673,0.9999988675117493,0.9999985098838806,0.0015189225086942315,0.0017421742668375373
3,0.9999947547912598,0.9999990463256836,0.9999985694885254,0.0013961673248559237,0.0016456154407933354
3,0.9999861717224121,0.9999983310699463,0.999997615814209,0.0019966992549598217,0.0022839666344225407
1,0.9999999403953552,0.9999974966049194,0.9999971389770508,0.0029979615937918425,0.0030660093761980534
1,1.0000001192092896,0.9999978542327881,0.9999975562095642,0.0020348893012851477,0.002217257162556052
1,1.0,0.9999983310699463,0.9999982118606567,0.0019499206682667136,0.0020648371428251266
2,0.9999698400497437,0.9999982118606567,0.9999977350234985,0.0018863556906580925,0.00206589512526989
1,0.9999998807907104,0.9999985694885254,0.9999983310699463,0.0016813109396025538,0.0017847553826868534
1,0.9999998807907104,0.9999986886978149,0.9999984502792358,0.0017847645794972777,0.0019164379918947816
1,0.9999998807907104,0.9999971985816956,0.9999970197677612,0.0038523017428815365,0.0039743706583976746
1,1.0000001192092896,0.9999989867210388,0.999998927116394,0.0014526433078572154,0.0014094925718382
1,0.9999998211860657,0.9999994039535522,0.999999463558197,0.0010520588839426637,0.0010675020748749375
2,0.9999968409538269,0.9999985694885254,0.9999986290931702,0.0021015701349824667,0.002116512507200241
1,1.0,0.9999995231628418,0.9999994039535522,0.001256380695849657,0.001292650937102735
1,0.9999998807907104,0.9999986290931702,0.9999988079071045,0.0020132067147642374,0.0020136379171162844
1,0.9999999403953552,0.9999077916145325,0.9999053478240967,0.03050132840871811,0.03075949288904667
1,0.9999999403953552,0.999999463558197,0.9999991655349731,0.0013227075105533004,0.0014436806086450815
1,0.9999998807907104,0.9999984502792358,0.9999983906745911,0.0023685619235038757,0.0023456658236682415
1,1.0000001192092896,0.9999985694885254,0.9999985098838806,0.002253474434837699,0.002281141933053732
1,0.9999999403953552,0.9999957084655762,0.9999951124191284,0.0038642038125544786,0.004058320540934801
1,0.9999999403953552,0.9999984502792358,0.9999983906745911,0.0018942545866593719,0.0019544835668057203
1,1.0,0.9999990463256836,0.9999988079071045,0.0014201326994225383,0.0015748974401503801
1,0.9999998807907104,0.9999996423721313,0.9999996423721313,0.0008229192462749779,0.0009464462636969984
1,0.9999999403953552,0.9999990463256836,0.9999990463256836,0.0015301546081900597,0.0015667694387957454
2,0.9994010925292969,0.9999956488609314,0.9999947547912598,0.0030692557338625193,0.0034010682720690966
1,1.0,0.9999982714653015,0.9999983906745911,0.001809287117794156,0.0018484934698790312
1,1.0000001192092896,0.9999966025352478,0.9999964833259583,0.002724192338064313,0.002757214941084385
1,1.0,0.9999991059303284,0.9999991655349731,0.0013820475433021784,0.001255202223546803
1,1.0000001192092896,0.999998152256012,0.9999977350234985,0.0018998386804014444,0.0020607514306902885
1,1.0,0.9999949336051941,0.9999942779541016,0.003234216943383217,0.003366202814504504
1,1.0,0.999999463558197,0.9999988079071045,0.001193471485748887,0.0015626306412741542
1,0.9999999403953552,0.9999991655349731,0.9999991059303284,0.0014881392708048224,0.0015956027200445533
1,1.0,0.9999997615814209,0.9999996423721313,0.000907891895622015,0.0009641940123401582
1,1.0,0.9999977946281433,0.9999979138374329,0.0021828962489962578,0.0021450959611684084
1,1.0,0.9999972581863403,0.9999971985816956,0.0023609029594808817,0.00240235379897058
1,0.9999999403953552,0.9999991655349731,0.999998927116394,0.001356394262984395,0.0015007979236543179
1,1.0,0.999997079372406,0.9999964237213135,0.0026109563186764717,0.0027003122959285975
1,0.9999999403953552,0.9999999403953552,0.9999999403953552,0.0001867617102107033,0.00022652419283986092
1,0.9999999403953552,0.9999988079071045,0.9999987483024597,0.002362444531172514,0.0023914349731057882
1,0.9999998807907104,0.9999994039535522,0.9999991059303284,0.0011579749407246709,0.00146392616443336
1,1.0000001192092896,0.9999927282333374,0.9999921321868896,0.003954889252781868,0.004132535308599472
1,1.0,0.9999978542327881,0.9999974966049194,0.0021238664630800486,0.0022880136966705322
1,1.0,0.9999985098838806,0.9999974370002747,0.001739183790050447,0.0022503258660435677
1,1.0,0.9999944567680359,0.9999940395355225,0.003503277199342847,0.0035800710320472717
1,1.0000001192092896,0.9999942183494568,0.9999936819076538,0.0037114538718014956,0.0038375200238078833
1,1.0000001192092896,0.9999988079071045,0.9999984502792358,0.001600000774487853,0.0018684369279071689
2,0.9999141097068787,0.999997079372406,0.9999959468841553,0.002397354692220688,0.0028263083659112453
1,1.0000001192092896,0.9999993443489075,0.999998927116394,0.001343442127108574,0.0015209849225357175
1,1.0,0.9999973177909851,0.9999972581863403,0.002329095033928752,0.0023695696145296097
1,0.9999999403953552,0.9999914765357971,0.9999912977218628,0.0041833422146737576,0.004249615594744682
1,0.9999998807907104,0.9999991059303284,0.999998927116394,0.0013391232350841165,0.0014757231110706925
1,1.0,0.9999983310699463,0.999997615814209,0.0018481313018128276,0.002142742509022355
1,1.0,0.9999993443489075,0.9999991655349731,0.0011478194501250982,0.0012771658366546035
2,0.999976396560669,0.9999983310699463,0.9999978542327881,0.0019587369170039892,0.00205860729329288
2,0.9999873638153076,0.9999966621398926,0.9999962449073792,0.0033490469213575125,0.003456158796325326
1,1.0000001192092896,0.9999970197677612,0.9999967813491821,0.0031166793778538704,0.0032052609603852034
1,1.0,0.9999998807907104,0.9999998807907104,0.0006142864585854113,0.0006461369921453297
1,1.0000001192092896,0.999999463558197,0.9999994039535522,0.0010133933974429965,0.0010934798046946526
1,1.0,0.9999986886978149,0.9999984502792358,0.0016465054359287024,0.0017595337703824043
1,1.0,0.9999966621398926,0.9999963045120239,0.0027345106936991215,0.002823761897161603
1,1.0000001192092896,0.9999904632568359,0.9999894499778748,0.004355323035269976,0.004633366130292416
1,1.0,0.9999938011169434,0.9999933242797852,0.0038766914512962103,0.004000810906291008
1,0.9999999403953552,0.9999874830245972,0.999986469745636,0.00500615406781435,0.005216518417000771
1,1.0000001192092896,0.9999945163726807,0.9999943971633911,0.003939222544431686,0.003877363633364439
1,1.0000001192092896,0.9999989867210388,0.9999988079071045,0.001751500996761024,0.0018004777375608683
1,1.0,0.9999982118606567,0.9999980926513672,0.0021159914322197437,0.0021846957970410585
2,0.9999822974205017,0.9999860525131226,0.9999842047691345,0.005619617644697428,0.005961557384580374
1,1.0,0.9999947547912598,0.9999939799308777,0.0033230213448405266,0.0035340748727321625
1,1.0000001192092896,0.999996542930603,0.9999961853027344,0.0032201071735471487,0.0033450452610850334
1,0.9999998807907104,0.9999987483024597,0.9999983906745911,0.0015216243918985128,0.0017541482811793685
1,0.9999999403953552,0.9999971389770508,0.9999967813491821,0.0023593446239829063,0.002505767857655883
1,1.0,0.9999979734420776,0.9999977946281433,0.002158684656023979,0.0022344067692756653
2,0.9999744296073914,0.9999927282333374,0.9999918937683105,0.0037847200874239206,0.004041300155222416
1,1.0,0.9999998211860657,0.9999993443489075,0.0006185908569023013,0.001045594341121614
1,0.9999999403953552,0.9999992251396179,0.9999986886978149,0.0013272571377456188,0.001630315207876265
1,0.9999998807907104,0.999999463558197,0.9999991655349731,0.0010713953524827957,0.0012698700884357095
1,0.9999999403953552,0.9999993443489075,0.9999995231628418,0.0010752741945907474,0.0011290214024484158
1,0.9999998807907104,0.9999996423721313,0.9999988675117493,0.001503002131357789,0.0023636124096810818
1,1.0,0.9999969005584717,0.9999964237213135,0.0024718232452869415,0.0026568793691694736
1,1.0000001192092896,0.9999985694885254,0.9999982118606567,0.001728583942167461,0.0018852202920243144
1,1.0,0.9999573826789856,0.9999575614929199,0.01039434690028429,0.01038462296128273
1,1.0000001192092896,0.9999997615814209,0.9999996423721313,0.000709185260348022,0.000957297976128757
1,1.0,0.9999980330467224,0.9999976754188538,0.0020499632228165865,0.0021522280294448137
1,0.9999999403953552,0.9999985098838806,0.9999980926513672,0.0017579352715983987,0.00204984238371253
1,1.0,0.9999974966049194,0.9999974370002747,0.0022685790900141,0.002327234949916601
2,0.9999932050704956,0.9999954104423523,0.9999948740005493,0.0030814511701464653,0.003230069298297167
1,0.9999999403953552,0.9999974966049194,0.9999973177909851,0.0021878674160689116,0.0022938509937375784
1,1.0000001192092896,0.999999463558197,0.9999991655349731,0.0016958252526819706,0.0017920794198289514
1,0.9999999403953552,0.9999991655349731,0.9999985694885254,0.0012988360831514,0.0016834897687658668
1,1.0,0.9999882578849792,0.9999883770942688,0.0076564401388168335,0.00760508980602026
1,1.0000001192092896,0.9999992847442627,0.9999992251396179,0.0021612506825476885,0.002408080268651247
1,1.0000001192092896,0.9999995827674866,0.9999997615814209,0.0009378519607707858,0.0010168132139369845
1,0.9999998807907104,0.9999902844429016,0.9999895691871643,0.004501823801547289,0.004733806010335684
1,1.0,0.9999996423721313,0.9999996423721313,0.0012922579189762473,0.0012613333528861403
1,0.9999999403953552,0.9999980926513672,0.999997615814209,0.0021348469890654087,0.002593024168163538
1,1.0,0.9999992847442627,0.9999992847442627,0.0011719503672793508,0.001287710154429078
1,1.0000001192092896,0.9999967217445374,0.9999955892562866,0.0025589577853679657,0.003001395147293806
1,0.9999998807907104,0.9999949336051941,0.9999946355819702,0.003354905638843775,0.0035082672256976366
1,1.0000001192092896,0.9999980926513672,0.9999978542327881,0.002496320754289627,0.002526727505028248
1,1.0000001192092896,0.9999964833259583,0.9999961256980896,0.0027108017820864916,0.0028530883137136698
1,1.0,0.9999993443489075,0.9999992251396179,0.0012317700311541557,0.0012629249831661582
1,1.0000001192092896,0.9999960660934448,0.9999957084655762,0.002919574733823538,0.0030500527936965227
1,1.0000001192092896,0.9999973177909851,0.9999974966049194,0.0033400612883269787,0.00390270771458745
1,0.9999999403953552,0.9999989867210388,0.9999986886978149,0.001819430384784937,0.002065115375444293
1,1.0,0.9999985098838806,0.9999985694885254,0.001970977056771517,0.0019506107782945037
1,1.0,0.9999960064888,0.9999954104423523,0.0030126057099550962,0.0031927323434501886
1,1.0,0.9999986886978149,0.9999986290931702,0.0015327136497944593,0.0016100885113701224
1,1.0,0.999995768070221,0.9999952912330627,0.003110780380666256,0.0031959358602762222
1,1.0,0.9999865293502808,0.9999843835830688,0.00584922032430768,0.006369180046021938
1,1.0,0.9999992847442627,0.9999992251396179,0.0012196677271276712,0.001253402093425393
1,1.000000238418579,0.9999997019767761,0.9999997019767761,0.0008010566234588623,0.000807287753559649
1,1.0,0.9999978542327881,0.9999977350234985,0.00205830461345613,0.002151327906176448
2,0.9998177886009216,0.9998748302459717,0.9998711347579956,0.01597950980067253,0.016226159408688545
1,1.0,0.999997615814209,0.9999970197677612,0.0023843934759497643,0.002583631779998541
2,0.9999596476554871,0.999996542930603,0.9999957084655762,0.002644972177222371,0.002899694489315152
1,1.0000001192092896,0.9999979138374329,0.9999972581863403,0.0021664146333932877,0.0024357950314879417
1,0.9999998807907104,0.9999995827674866,0.9999994039535522,0.0010577637003734708,0.0010783253237605095
1,1.0,0.9999988675117493,0.9999988079071045,0.001670344267040491,0.0016556604532524943
1,1.0,0.9999911785125732,0.9999908804893494,0.004236214328557253,0.0043475935235619545
1,1.0,0.9999992847442627,0.999998927116394,0.0012669065035879612,0.0014964607544243336
1,1.0,0.9999973773956299,0.9999963641166687,0.0024492833763360977,0.0027839839458465576
1,1.0,0.9999995827674866,0.9999994039535522,0.001001453259959817,0.0010755454422906041
1,0.9999999403953552,0.9999937415122986,0.9999936819076538,0.00354001228697598,0.003529692068696022
1,1.0,0.9999955892562866,0.9999949336051941,0.002987880725413561,0.0032296027056872845
2,0.9998900890350342,0.9999924302101135,0.9999915957450867,0.003901313291862607,0.004132612142711878
1,0.9999999403953552,0.9999675750732422,0.9999675154685974,0.010089314542710781,0.010036300867795944
1,0.9999999403953552,0.9999982714653015,0.9999978542327881,0.0019722101278603077,0.0022071166895329952
1,1.0,0.9999971389770508,0.9999971389770508,0.0024279120843857527,0.002482388401404023
1,0.9999999403953552,0.9999974370002747,0.9999974370002747,0.002896010410040617,0.0029704151675105095
1,1.0,0.9999997615814209,0.9999998211860657,0.00044525793055072427,0.0005646918434649706
1,1.0,0.9999997615814209,0.9999998807907104,0.0005274859140627086,0.0005524025182239711
1,0.9999999403953552,0.9999974370002747,0.9999974966049194,0.0022814208641648293,0.002222491428256035
1,0.9999998807907104,0.9999985694885254,0.9999984502792358,0.0017309925751760602,0.0017676230054348707
1,1.0,0.9999969005584717,0.9999966621398926,0.0026398515328764915,0.0027117847930639982
1,1.0,0.9999931454658508,0.9999927282333374,0.004208923317492008,0.004315328784286976
1,1.000000238418579,0.9999992847442627,0.9999991655349731,0.0013502081856131554,0.0012811849592253566
1,1.0000001192092896,0.999994158744812,0.9999939799308777,0.0034521492198109627,0.003456955775618553
2,0.9995660185813904,0.9999381899833679,0.9999336004257202,0.012355421669781208,0.01275192853063345
1,1.0,0.9999915361404419,0.9999907612800598,0.004145332146435976,0.0043859477154910564
1,1.0,0.9999986886978149,0.9999985694885254,0.0017689719097688794,0.0018585310317575932
2,0.9999967813491821,0.9999973177909851,0.9999969005584717,0.002447410486638546,0.0025771635118871927
1,1.0000001192092896,0.9999986886978149,0.9999986290931702,0.0016198676312342286,0.0017265372443944216
1,0.9999998807907104,0.9999987483024597,0.9999986290931702,0.0016266459133476019,0.0017235444393008947
1,1.0,0.9999947547912598,0.9999943971633911,0.00335656083188951,0.0034353092778474092
1,1.0000001192092896,0.9999963641166687,0.9999960064888,0.002659956458956003,0.0027706283144652843
1,1.0,0.9999991059303284,0.9999993443489075,0.0016207945300266147,0.0015373199712485075
2,0.9999993443489075,0.9999995827674866,0.9999995827674866,0.0009467817144468427,0.0010236812522634864
2,0.9999884366989136,0.9999995827674866,0.999999463558197,0.0010459325276315212,0.0011025245767086744
1,1.0,0.9999998807907104,0.9999998211860657,0.0005896129878237844,0.0005994995590299368
1,1.0,0.9999993443489075,0.9999994039535522,0.001116687897592783,0.001127694733440876
1,0.9999999403953552,0.999977707862854,0.999976634979248,0.00667907390743494,0.006832246668636799
1,1.0,0.9999991655349731,0.9999988675117493,0.002350542927160859,0.002559550805017352
1,1.0,0.9999997615814209,0.9999997019767761,0.0006970243412069976,0.0007779757142998278
1,1.0,0.9999982118606567,0.9999978542327881,0.002697666408494115,0.0027970648370683193
1,1.0,0.9999995827674866,0.999999463558197,0.0018311112653464079,0.0018348402809351683
1,0.9999998211860657,0.9999987483024597,0.9999986886978149,0.001589251565746963,0.0016232968773692846
1,1.0000001192092896,0.9999980926513672,0.9999979138374329,0.002220499562099576,0.002295571379363537
1,1.0000001192092896,0.9999996423721313,0.9999995231628418,0.0007792761316522956,0.0008229035884141922
1,1.0000001192092896,0.9999996423721313,0.9999996423721313,0.0007836365839466453,0.0007778166327625513
1,1.0,0.9999997019767761,0.9999995827674866,0.0007772513781674206,0.001109209144487977
1,0.9999998807907104,0.9999979734420776,0.999997615814209,0.0019996543414890766,0.0021937615238130093
1,1.0,0.9999983906745911,0.9999980330467224,0.002242153976112604,0.002415258437395096
1,0.9999998807907104,0.9999961853027344,0.9999958872795105,0.003154928795993328,0.0032877407502382994
1,1.0,0.9999213218688965,0.9999119639396667,0.013297993689775467,0.013990554958581924
1,1.0,0.9999982714653015,0.9999982118606567,0.0018711164593696594,0.0018840539269149303
1,1.0,0.999998927116394,0.9999982118606567,0.0015022699953988194,0.0018646933604031801
1,1.000000238418579,0.9999983906745911,0.999998152256012,0.0018091228557750583,0.0020291092805564404
1,1.0000001192092896,0.9999998807907104,0.9999996423721313,0.0016864140052348375,0.00213238806463778
1,1.0000001192092896,0.9999992847442627,0.9999989867210388,0.0013204978313297033,0.0014680809108540416
1,0.9999999403953552,0.9999989867210388,0.999998927116394,0.0016358938300982118,0.0017000470543280244
1,1.0,0.999998152256012,0.9999980926513672,0.0019442636985331774,0.0019916121382266283
1,0.9999999403953552,0.9999993443489075,0.9999992847442627,0.0011852994794026017,0.0012907395139336586
1,1.0,0.9999988079071045,0.9999985098838806,0.0015760768437758088,0.0016891593113541603
1,1.0,0.999998152256012,0.9999980330467224,0.0019475447479635477,0.002041781786829233
1,1.0000001192092896,0.9999993443489075,0.9999994039535522,0.001841270481236279,0.0020292180124670267
1,1.0,0.9999906420707703,0.9999905228614807,0.00472257100045681,0.004674398340284824
2,0.9999978542327881,0.9999879002571106,0.999987781047821,0.0049580661579966545,0.004981360863894224
1,0.9999999403953552,0.9999983906745911,0.9999982118606567,0.0018123150803148746,0.0018317934591323137
1,1.0000001192092896,0.9999994039535522,0.9999994039535522,0.0010193672496825457,0.0011224765330553055
1,1.0000001192092896,0.9999983310699463,0.9999983310699463,0.001766829052940011,0.0018489474896341562
2,0.9999995231628418,0.9999986886978149,0.9999985098838806,0.0017812575679272413,0.0019355776021257043
1,1.0,0.9999974966049194,0.9999974370002747,0.002256482606753707,0.0023094341158866882
1,1.0,0.9999949932098389,0.9999944567680359,0.003160752821713686,0.0032955848146229982
1,1.0,0.9999996423721313,0.9999996423721313,0.000898762431461364,0.0009186762617900968
1,1.0000001192092896,0.999970555305481,0.9999697208404541,0.00856725499033928,0.008649108000099659
1,0.9999999403953552,0.9999986290931702,0.9999983906745911,0.002069566398859024,0.0022240858525037766
1,1.0,0.9999988079071045,0.9999983310699463,0.0019523936789482832,0.0024160658940672874
1,0.9999998807907104,0.9999997019767761,0.9999996423721313,0.000682748737744987,0.0007078899652697146
1,0.9999999403953552,0.9999988079071045,0.9999986886978149,0.0017160518327727914,0.0018207677640020847
1,0.9999998807907104,0.9999988079071045,0.9999985694885254,0.0015181058552116156,0.0016928492113947868
1,0.9999998211860657,0.9999992251396179,0.9999989867210388,0.0018381200497969985,0.001836305484175682
1,0.9999999403953552,0.999998152256012,0.999998152256012,0.0018993389094248414,0.001957337837666273
1,1.0,0.9999988675117493,0.9999984502792358,0.0018808060558512807,0.002184779616072774
1,1.0000001192092896,0.9999948143959045,0.9999948143959045,0.0033657883759588003,0.0033411348704248667
1,1.0000001192092896,0.999998927116394,0.9999991059303284,0.0017915325006470084,0.0017101290868595243
1,1.0,0.9999911785125732,0.9999905228614807,0.004399921279400587,0.004543737042695284
1,1.0,0.9999997019767761,0.9999992847442627,0.0009395244414918125,0.0012651995057240129
1,0.9999999403953552,0.9999969601631165,0.9999967217445374,0.0024738535284996033,0.0025634029880166054
2,0.9999550580978394,0.9999995827674866,0.9999994039535522,0.0012818697141483426,0.0012427967740222812
1,0.9999997615814209,0.9999995827674866,0.9999997019767761,0.0010391224641352892,0.0010415824363008142
1,0.9999999403953552,0.9999997019767761,0.9999997019767761,0.0006986778462305665,0.0007120036752894521
2,0.9999966621398926,0.9999993443489075,0.9999994039535522,0.001036222092807293,0.0011201126035302877
1,1.0,0.9999997615814209,0.9999995231628418,0.0008397860219702125,0.0009755546343512833
1,1.0,0.9999999403953552,0.9999997615814209,0.0007816717843525112,0.0007917863549664617
1,1.0000001192092896,0.9999999403953552,0.9999997615814209,0.0008368514245375991,0.0009111643303185701
1,1.0,0.9999982714653015,0.9999978542327881,0.002405697014182806,0.0027157184667885303
1,1.000000238418579,0.9999992847442627,0.9999991655349731,0.0013323294697329402,0.001384955132380128
1,1.0,0.9999706149101257,0.9999697208404541,0.008952470496296883,0.009146167896687984
1,1.0,0.9999963045120239,0.9999962449073792,0.0029927787836641073,0.003095688996836543
1,1.000000238418579,0.9999995827674866,0.999999463558197,0.001085466705262661,0.0011602310696616769
1,1.0000001192092896,0.999994695186615,0.9999945163726807,0.003285702783614397,0.0033069360069930553
1,1.0,0.9999992847442627,0.9999990463256836,0.0012367672752588987,0.0013302750885486603
1,0.9999999403953552,0.9999976754188538,0.9999974370002747,0.0025564744137227535,0.002643031533807516
1,1.0000001192092896,0.9999986290931702,0.9999985098838806,0.0018260995857417583,0.00187824503518641
1,0.9999998211860657,0.999998927116394,0.9999986886978149,0.0015241737710312009,0.0017452980391681194
1,0.9999999403953552,0.9999974370002747,0.9999968409538269,0.002335790079087019,0.0025865233037620783
1,1.0000001192092896,0.9999964237213135,0.9999961853027344,0.0027798654045909643,0.0028948502149432898
1,0.9999999403953552,0.9999995827674866,0.999999463558197,0.0010955142788589,0.001128866570070386
1,1.0,0.9999980330467224,0.9999970197677612,0.0019548414275050163,0.0024457289837300777
2,0.9999994039535522,0.9999974966049194,0.9999969005584717,0.0023843960370868444,0.0026613532099872828
1,0.9999999403953552,0.9999999403953552,0.9999999403953552,0.00034993665758520365,0.0004281925212126225
2,0.9999666810035706,0.9999830722808838,0.9999823570251465,0.005902107339352369,0.006000140216201544
1,0.9999999403953552,0.9999942779541016,0.9999940991401672,0.0034295187797397375,0.003482457948848605
1,0.9999999403953552,0.9999976754188538,0.9999973177909851,0.0024832168128341436,0.0026446403935551643
1,0.9999999403953552,0.9999918937683105,0.9999910593032837,0.0041455053724348545,0.004319666884839535
2,0.9999929070472717,0.9999918937683105,0.999990701675415,0.0045133307576179504,0.0048827314749360085
1,1.0,0.9999931454658508,0.9999919533729553,0.004313911311328411,0.004659734200686216
1,0.9999999403953552,0.9999997615814209,0.9999997019767761,0.0005285501829348505,0.000625702494289726
1,1.0,0.9999980926513672,0.999997615814209,0.0021000709384679794,0.0023005909752100706
1,1.0,0.9999992847442627,0.9999992251396179,0.0011778513435274363,0.0012023122981190681
1,1.0000001192092896,0.9999998211860657,0.9999997019767761,0.0004728925123345107,0.0004779029404744506
1,1.0,0.9999999403953552,0.9999997615814209,0.0003921524330507964,0.000579923449549824
2,0.9999893307685852,0.9999978542327881,0.9999977946281433,0.002757515525445342,0.002792930696159601
1,1.0,0.999998152256012,0.999998152256012,0.002428121631965041,0.0024679305497556925
2,0.9994840621948242,0.9999930262565613,0.9999933838844299,0.0038798032328486443,0.0039021826814860106
1,1.0,0.9999985694885254,0.9999982714653015,0.0019044054206460714,0.0019909737166017294
1,1.0000001192092896,0.9999990463256836,0.9999991059303284,0.0013566717971116304,0.0014241347089409828
1,1.0,0.9999986290931702,0.9999985098838806,0.001667277654632926,0.0017001503147184849
1,0.9999998807907104,0.9999988675117493,0.9999988675117493,0.0018365265568718314,0.0019542870577424765
1,1.0,0.9999997019767761,0.9999996423721313,0.0008270022226497531,0.0009424923337064683
1,1.0,0.9999958276748657,0.9999954104423523,0.0031977163162082434,0.0033218057360500097
1,1.0,0.9999995827674866,0.9999995231628418,0.000811497971881181,0.0009297682554461062
1,1.0,0.9999983310699463,0.9999983310699463,0.0018247964326292276,0.0018542982870712876
1,0.9999998807907104,0.9999979734420776,0.9999977946281433,0.002099081641063094,0.0021466470789164305
1,0.9999998807907104,0.9999978542327881,0.9999976754188538,0.002278439002111554,0.002338913967832923
1,0.9999998211860657,0.9999974370002747,0.9999963641166687,0.002958162920549512,0.0035079100634902716
1,0.9999998211860657,0.9999986886978149,0.9999983310699463,0.001675319392234087,0.0018471149960532784
2,0.9999895095825195,0.9999952912330627,0.9999937415122986,0.0030993313994258642,0.0035404327791184187
1,0.9999999403953552,0.9999991655349731,0.9999989867210388,0.0014079639222472906,0.0014591178623959422
1,1.0000001192092896,0.9999991655349731,0.9999990463256836,0.001388507429510355,0.0015051712980493903
1,1.0000001192092896,0.9999967217445374,0.9999961853027344,0.0025765118189156055,0.002802340779453516
1,1.0000001192092896,0.9999986886978149,0.9999980926513672,0.0016865191282704473,0.00198430591262877
1,1.0,0.9999958276748657,0.999995231628418,0.0029320891480892897,0.0030941306613385677
1,0.9999998807907104,0.999997615814209,0.9999974370002747,0.0022383746691048145,0.0023293597623705864
1,1.0,0.9999901056289673,0.9999902248382568,0.00451532332226634,0.004520940128713846
1,0.9999999403953552,0.9999991655349731,0.9999992251396179,0.0017037712968885899,0.0017016305355355144
2,0.9999688267707825,0.9999951124191284,0.9999948740005493,0.004160262178629637,0.004177353344857693
1,1.0,0.9999958872795105,0.9999954104423523,0.0038940226659178734,0.003892073407769203
1,0.9999999403953552,0.9999973773956299,0.9999964237213135,0.0024028324987739325,0.0028667792212218046
1,1.0,0.9999973773956299,0.9999966621398926,0.002291405340656638,0.002624459331855178
1,0.9999998807907104,0.999989926815033,0.9999890923500061,0.0052383216097950935,0.005437806714326143
1,1.0,0.999998152256012,0.999998152256012,0.0019567806739360094,0.0019552474841475487
1,1.0,0.9999994039535522,0.9999992847442627,0.001223558560013771,0.0012335862265899777
1,0.9999998807907104,0.999995231628418,0.9999933242797852,0.0032518641091883183,0.003790137358009815
1,1.0,0.999999463558197,0.9999991059303284,0.001149443443864584,0.0013483287766575813
1,1.0,0.999999463558197,0.999999463558197,0.0008943724678829312,0.0010747535852715373
1,1.0,0.9999992847442627,0.9999992847442627,0.0012238729977980256,0.0012981516774743795
1,1.0,0.9999994039535522,0.9999994039535522,0.001069698017090559,0.0011881492100656033
1,0.9999998807907104,0.9999966621398926,0.999996542930603,0.0026380165945738554,0.002732614753767848
1,0.9999998807907104,0.9999732971191406,0.9999727010726929,0.007955371402204037,0.008040490560233593
1,1.0,0.9999996423721313,0.9999995827674866,0.0009000236168503761,0.0010049695847555995
1,1.0000001192092896,0.9999950528144836,0.9999946355819702,0.0031801604200154543,0.0033548218198120594
1,0.9999998211860657,0.999998927116394,0.9999988079071045,0.001554710092023015,0.0018097714055329561
1,0.9999998807907104,0.9999555945396423,0.9999557733535767,0.01982053555548191,0.019648442044854164
2,0.9988389611244202,0.999959409236908,0.9999600648880005,0.018938031047582626,0.018575074151158333
1,1.0,0.9999994039535522,0.9999994039535522,0.001231402507983148,0.0013559842482209206
1,0.9999998807907104,0.9999986290931702,0.9999985694885254,0.0020439971704035997,0.0022520076017826796
1,1.0000001192092896,0.9999980330467224,0.9999980330467224,0.0019972289446741343,0.002023764420300722
1,1.000000238418579,0.9999989867210388,0.9999989867210388,0.001423723646439612,0.0014531745109707117
1,1.0,0.9999992847442627,0.9999991655349731,0.0012525354977697134,0.0012857369147241116
1,0.9999999403953552,0.9999929070472717,0.9999925494194031,0.005495014600455761,0.005623671226203442
1,1.0,0.9999995827674866,0.9999994039535522,0.0010465923696756363,0.0012033560778945684
1,1.0,0.999948263168335,0.9999464750289917,0.010269579477608204,0.010442882776260376
1,1.0000001192092896,0.9999977946281433,0.9999977350234985,0.0021684623789042234,0.0021950709633529186
1,0.9999999403953552,0.9999990463256836,0.9999988675117493,0.0013625435531139374,0.001450213836506009
1,1.0000001192092896,0.999998927116394,0.999998927116394,0.0014432416064664721,0.0015117696020752192
1,1.0,0.9999915361404419,0.9999911785125732,0.004459271673113108,0.00452771969139576
1,1.0000001192092896,0.9999799728393555,0.9999794960021973,0.006408077664673328,0.006507876329123974
1,1.0,0.9999994039535522,0.9999992847442627,0.001188843627460301,0.001239793375134468
2,0.9999597072601318,0.999990701675415,0.9999902844429016,0.004377993755042553,0.0044412496499717236
1,0.9999998807907104,0.9999905824661255,0.9999899864196777,0.00463165994733572,0.00473765516653657
1,0.9999998807907104,0.9999992847442627,0.9999992847442627,0.001395642408169806,0.0015859240666031837
1,1.0000001192092896,0.9999994039535522,0.999999463558197,0.0008991854847408831,0.0009689502185210586
1,1.0,0.999998927116394,0.9999988079071045,0.002290724078193307,0.0024514428805559874
2,0.9999988079071045,0.9999985098838806,0.9999980926513672,0.0020176866091787815,0.002349201822653413
1,1.0,0.9999975562095642,0.9999969005584717,0.0023737705778330564,0.0025118400808423758
2,0.9998804330825806,0.9999957084655762,0.9999954700469971,0.0035683936439454556,0.003962206654250622
1,0.9999998807907104,0.9999992251396179,0.9999991655349731,0.0013084723614156246,0.0013525018002837896
1,0.9999999403953552,0.9999995827674866,0.9999994039535522,0.0009474157704971731,0.0010504665551707149
1,0.9999999403953552,0.9999974370002747,0.9999972581863403,0.002503045601770282,0.002544055227190256
1,0.9999999403953552,0.9999988675117493,0.9999985098838806,0.0015829213662073016,0.0017814281163737178
1,0.9999999403953552,0.9999990463256836,0.9999987483024597,0.0015130090760067105,0.001593598397448659
1,0.9999998807907104,0.9999922513961792,0.9999910593032837,0.004094024188816547,0.004418575670570135
1,1.0000001192092896,0.9999977350234985,0.9999967217445374,0.0020978208631277084,0.0025361967273056507
1,0.9999999403953552,0.9999858140945435,0.9999853372573853,0.006528806407004595,0.006625541020184755
1,1.0,0.9999961256980896,0.9999955892562866,0.002771251369267702,0.0029845931567251682
1,1.0,0.9999960064888,0.9999958872795105,0.002878924598917365,0.0028647524304687977
1,1.0000001192092896,0.999998927116394,0.9999988079071045,0.001984225120395422,0.0021371699403971434
1,0.9999997615814209,0.9999994039535522,0.9999992251396179,0.0011772458674386144,0.001314027700573206
1,1.0,0.9999987483024597,0.9999988079071045,0.0016139356885105371,0.0016229493776336312
1,0.9999999403953552,0.999998927116394,0.9999986886978149,0.0014904742129147053,0.001625395962037146
1,1.0000001192092896,0.9999949932098389,0.9999940395355225,0.0032546205911785364,0.0036187965888530016
2,0.9997668266296387,0.9999963641166687,0.999995768070221,0.0027510763611644506,0.003080681199207902
1,1.0,0.9999978542327881,0.9999976754188538,0.0021807323209941387,0.0023164155427366495
2,0.9999786615371704,0.9999736547470093,0.9999730587005615,0.00928755197674036,0.009306643158197403
3,0.9998902678489685,0.9999799728393555,0.9999786615371704,0.007486147340387106,0.007696358487010002
1,1.0000001192092896,0.9999993443489075,0.9999992251396179,0.0013518425403162837,0.0013864303473383188
1,1.0,0.9999982714653015,0.9999982118606567,0.0019945059902966022,0.0021028409246355295
1,1.0,0.9999988675117493,0.9999986886978149,0.0015958041185513139,0.0017190020298585296
1,0.9999999403953552,0.9999989867210388,0.9999983310699463,0.0018702872330322862,0.0020540158730000257
1,1.0000001192092896,0.9999962449073792,0.9999956488609314,0.0028243407141417265,0.003074693726375699
1,1.0,0.9999993443489075,0.9999992847442627,0.0009834743104875088,0.0011419380316510797
1,1.0,0.9999942779541016,0.9999939799308777,0.0033754578325897455,0.003500155871734023
1,0.9999999403953552,0.9999905824661255,0.9999891519546509,0.00583714758977294,0.006247214041650295
1,1.0,0.9999992847442627,0.9999993443489075,0.0011190578807145357,0.0012513663386926055
1,0.9999997615814209,0.999988317489624,0.9999886155128479,0.005038601811975241,0.004986508749425411
1,1.0,0.9999978542327881,0.9999972581863403,0.0021681813523173332,0.002355620265007019
1,1.0,0.9999964237213135,0.9999964237213135,0.0026934356428682804,0.0029293508268892765
1,0.9999999403953552,0.9999995231628418,0.999999463558197,0.0010711753275245428,0.0011417396599426866
2,0.9999878406524658,0.9999873042106628,0.9999863505363464,0.005419266410171986,0.0056529841385781765
1,1.0,0.9999940395355225,0.9999934434890747,0.003824088489636779,0.003980495501309633
1,1.0,0.9999986886978149,0.9999984502792358,0.0015617654426023364,0.0017327212262898684
1,1.0,0.9999987483024597,0.9999985098838806,0.001623754040338099,0.0017686196370050311
1,1.0,0.9999986886978149,0.9999985694885254,0.0018441330175846815,0.001963438233360648
1,1.0000001192092896,0.9999996423721313,0.9999998211860657,0.0007853377028368413,0.0008425347623415291
1,0.9999999403953552,0.9999982118606567,0.9999979734420776,0.002032254124060273,0.002100154757499695
1,1.0,0.9999980926513672,0.9999982118606567,0.0019424449419602752,0.001901532057672739
1,1.0000001192092896,0.9999992847442627,0.9999992251396179,0.0012928788783028722,0.0012339516542851925
1,1.0,0.9999961853027344,0.999994695186615,0.0027256791945546865,0.0033861028496176004
2,0.9999605417251587,0.9999951720237732,0.9999926686286926,0.0031399233266711235,0.003898225724697113
1,0.9999998807907104,0.9999988079071045,0.9999979734420776,0.0016355159459635615,0.0023360878694802523
1,1.0,0.9999976754188538,0.9999972581863403,0.0022167828865349293,0.002441607415676117
2,0.9999986886978149,0.9999979734420776,0.9999972581863403,0.002119307406246662,0.0023215205874294043
1,1.0,0.9999988079071045,0.9999986886978149,0.0015030979411676526,0.0015791984042152762
1,1.0000001192092896,0.9999966025352478,0.9999961853027344,0.0028386330232024193,0.0029616449028253555
1,1.0,0.999995231628418,0.9999952912330627,0.005923860240727663,0.005940443370491266
1,0.9999999403953552,0.9999991655349731,0.9999989867210388,0.0014971706550568342,0.0014438045909628272
1,1.0000001192092896,0.9999995231628418,0.999999463558197,0.0010388321243226528,0.0011355540482327342
1,0.9999998807907104,0.9999964237213135,0.9999969005584717,0.0027855962980538607,0.0026167873293161392
1,1.000000238418579,0.999997615814209,0.9999971985816956,0.0023001108784228563,0.0024127436336129904
1,1.000000238418579,0.999997615814209,0.9999973773956299,0.002384294755756855,0.0025058418978005648
1,1.0,0.9999983310699463,0.999998152256012,0.00202021817676723,0.002114035887643695
1,1.0,0.9999997019767761,0.9999996423721313,0.0007273759110830724,0.0007666040910407901
1,1.0000001192092896,0.9999977946281433,0.999997615814209,0.002136924536898732,0.0022654999047517776
1,1.0,0.9999980926513672,0.9999980330467224,0.0026790767442435026,0.0025196780916303396
1,1.0,0.9999994039535522,0.9999991655349731,0.0010652367491275072,0.001388757023960352
1,1.0000001192092896,0.9999979734420776,0.9999971389770508,0.002229805802926421,0.0026441593654453754
1,1.0,0.9999991059303284,0.9999989867210388,0.0013496531173586845,0.0013886196538805962
1,1.0000001192092896,0.9999970197677612,0.9999968409538269,0.004203375894576311,0.004325798712670803
1,0.9999999403953552,0.9999942183494568,0.9999937415122986,0.00338920671492815,0.003519061952829361
1,1.0000001192092896,0.9999772310256958,0.9999738335609436,0.008077550679445267,0.008659183979034424
1,1.0,0.9999933242797852,0.9999926686286926,0.0038699922151863575,0.004027119837701321
1,1.0,0.9999994039535522,0.9999992251396179,0.0012491620145738125,0.0013572004390880466
1,1.0,0.9999977350234985,0.9999974966049194,0.002113550901412964,0.0022176799830049276
1,0.9999999403953552,0.9999978542327881,0.9999966621398926,0.0021814305800944567,0.0026001175865530968
1,1.0000001192092896,0.9999998807907104,0.9999998211860657,0.0006354820216074586,0.0006874254904687405
1,1.0,0.9999988079071045,0.9999986886978149,0.001913185347802937,0.0020652792882174253
1,0.9999998807907104,0.9999991059303284,0.9999984502792358,0.0015360380057245493,0.0018784484127536416
1,1.0000001192092896,0.9999922513961792,0.9999920725822449,0.0042737978510558605,0.004406848456710577
1,1.0,0.9999970197677612,0.9999969005584717,0.002480383962392807,0.0024792668409645557
1,1.0,0.9999984502792358,0.9999983310699463,0.003319243434816599,0.0032692505046725273
2,0.9998416304588318,0.9999885559082031,0.9999873638153076,0.011368329636752605,0.011792033910751343
2,0.9999916553497314,0.9999964833259583,0.9999959468841553,0.002748967846855521,0.002938937395811081
1,1.0,0.9999974966049194,0.9999971389770508,0.0022410647943615913,0.002327972324565053
2,0.9999983906745911,0.9999969005584717,0.9999963045120239,0.0024681040085852146,0.0027311588637530804
1,0.9999998211860657,0.9999991655349731,0.9999989867210388,0.0012675466714426875,0.0013642135309055448
1,0.9999999403953552,0.9999973773956299,0.9999969005584717,0.0023047118447721004,0.0025209381710737944
1,0.9999998807907104,0.9999964833259583,0.9999955892562866,0.002900358522310853,0.003203433472663164
1,1.0,0.999998927116394,0.9999987483024597,0.0019015385769307613,0.0019342679297551513
1,0.9999998807907104,0.9999980926513672,0.9999978542327881,0.002057051984593272,0.0021694882307201624
1,1.0,0.9999890923500061,0.9999889731407166,0.0047660996206104755,0.004917983431369066
1,1.0,0.999998927116394,0.9999988079071045,0.0016466235974803567,0.0016794507391750813
2,0.9999994039535522,0.9999995827674866,0.9999995231628418,0.0007843481726013124,0.0008937794482335448
1,1.0000001192092896,0.9999972581863403,0.9999971389770508,0.0023775575682520866,0.0024357307702302933
1,1.0,0.999858021736145,0.999854564666748,0.01711437664926052,0.01728522777557373
1,0.9999998807907104,0.9999986886978149,0.9999987483024597,0.0015004768501967192,0.0015380560653284192
1,1.0,0.9999993443489075,0.9999988675117493,0.0014312792336568236,0.001683398731984198
2,0.9995498657226562,0.9999745488166809,0.9999728202819824,0.009590457193553448,0.01003418117761612
1,1.0,0.9999973177909851,0.9999972581863403,0.0023511620238423347,0.002394432434812188
1,0.9999998211860657,0.9999994039535522,0.9999991655349731,0.0009675408364273608,0.0012847231701016426
2,0.9999966621398926,0.9999973177909851,0.9999963641166687,0.0024401159025728703,0.0027082927990704775
1,1.0000001192092896,0.9999991655349731,0.9999989867210388,0.0012369479518383741,0.0016684496076777577
1,1.0,0.9999982118606567,0.9999978542327881,0.002324937144294381,0.002443243283778429
1,0.9999998807907104,0.999998927116394,0.9999987483024597,0.0015564905479550362,0.0017090750625357032
1,1.0,0.9999988079071045,0.9999991059303284,0.0015385928563773632,0.0014899598900228739
2,0.999935507774353,0.9999977350234985,0.9999975562095642,0.002295744838193059,0.0023497871588915586
1,0.9999999403953552,0.9999986886978149,0.9999984502792358,0.00161270285025239,0.001792081631720066
1,1.0,0.9999933838844299,0.9999933838844299,0.0038706199266016483,0.003934290260076523
4,0.9996669292449951,0.9999765157699585,0.9999757409095764,0.006910796742886305,0.007277969270944595
2,0.9999077320098877,0.9999925494194031,0.9999927878379822,0.0039886003360152245,0.0038395917508751154
1,0.9999999403953552,0.9999962449073792,0.9999958872795105,0.0033976712729781866,0.0032800924964249134
3,0.9998521208763123,0.9999747276306152,0.9999737739562988,0.00718298926949501,0.007520969957113266
1,0.9999998211860657,0.9999971389770508,0.9999968409538269,0.002454010071232915,0.002550521632656455
1,1.0,0.9999966621398926,0.9999966025352478,0.0025842709001153708,0.0025714824441820383
2,0.9999979138374329,0.9999994039535522,0.9999991655349731,0.0015098928706720471,0.001641595270484686
1,1.0,0.9999992847442627,0.9999992847442627,0.001992831937968731,0.0019110508728772402
1,1.0,0.9999997615814209,0.9999995827674866,0.0007481458596885204,0.0008444720297120512
1,1.0000001192092896,0.999999463558197,0.9999992847442627,0.001446042093448341,0.0015245015965774655
2,0.9999403953552246,0.9999963641166687,0.9999958276748657,0.0028379240538924932,0.0030851971823722124
2,0.9999974966049194,0.9999923706054688,0.9999915957450867,0.003980397712439299,0.004126088228076696
1,0.9999999403953552,0.9999983310699463,0.999998152256012,0.0018742413958534598,0.001933588064275682
1,0.9999999403953552,0.9999960660934448,0.9999960660934448,0.0032260052394121885,0.003225186839699745
1,0.9999997615814209,0.9999971389770508,0.9999966621398926,0.002391112968325615,0.0025996274780482054
1,0.9999999403953552,0.9999995231628418,0.9999994039535522,0.0009514485718682408,0.0010581441456452012
3,0.9999703168869019,0.999945342540741,0.999943196773529,0.010837458074092865,0.01109304092824459
2,0.9999955892562866,0.9999408721923828,0.9999394416809082,0.011260475032031536,0.011452291160821915
2,0.9999914765357971,0.9999992847442627,0.9999992251396179,0.0012354576028883457,0.0013287067413330078
2,0.9999440312385559,0.9999597072601318,0.9999581575393677,0.009249386377632618,0.009486410766839981
2,0.999998152256012,0.999996542930603,0.9999958276748657,0.0026956144720315933,0.002890015719458461
1,1.0,0.9999572038650513,0.9999560117721558,0.009527872316539288,0.009705809876322746
1,0.9999998807907104,0.9999996423721313,0.9999996423721313,0.00094018061645329,0.0009957333095371723
2,0.9999877214431763,0.9999889135360718,0.9999884366989136,0.004728143569082022,0.00480300048366189
2,0.999993085861206,0.9999966621398926,0.9999963641166687,0.0027346897404640913,0.002864810638129711
1,1.0,0.9999996423721313,0.999999463558197,0.0015760536771267653,0.001569085754454136
1,0.9999998807907104,0.9999990463256836,0.9999990463256836,0.0013983460376039147,0.0017795437015593052
3,0.9999884366989136,0.999993085861206,0.9999926090240479,0.0037561573553830385,0.0038794907741248608
1,0.9999998807907104,0.9999909996986389,0.999990701675415,0.0042762793600559235,0.004336747340857983
1,1.0,0.9999995827674866,0.9999996423721313,0.0008837938075885177,0.0009882382582873106
2,0.9999871253967285,0.999993622303009,0.9999934434890747,0.00360061670653522,0.0036492112558335066
1,1.0,0.9999874830245972,0.9999874830245972,0.00502735422924161,0.005007800180464983
2,0.9999972581863403,0.999997615814209,0.999997615814209,0.0022937071043998003,0.0025388950016349554
1,1.0,0.9999998807907104,0.9999998211860657,0.00013194770144764334,0.0005324947414919734
1,0.9999998807907104,0.9999977350234985,0.9999976754188538,0.0023162374272942543,0.0025667850859463215
1,1.0000001192092896,0.9999987483024597,0.9999986886978149,0.001575792906805873,0.0016562186647206545
1,1.0,0.9999912977218628,0.9999905228614807,0.004371348302811384,0.004662182182073593
1,0.9999999403953552,0.9999823570251465,0.9999818801879883,0.0059973206371068954,0.006079049780964851
1,1.0,0.9999949336051941,0.9999945163726807,0.0031770074274390936,0.0033399879466742277
1,0.9999999403953552,0.9999997019767761,0.9999995231628418,0.001038398128002882,0.00118105742149055
1,1.0000001192092896,0.9999990463256836,0.9999989867210388,0.0018705701222643256,0.0019265339942649007
1,1.0000001192092896,0.9999992847442627,0.9999991655349731,0.001397682004608214,0.001462992513552308
1,1.0,0.9999966025352478,0.9999964833259583,0.002874414436519146,0.002920503495261073
1,0.9999998211860657,0.9999997019767761,0.999999463558197,0.000833175319712609,0.0010803320910781622
1,1.0,0.9999986290931702,0.9999983310699463,0.0016559634823352098,0.001851361244916916
1,0.9999998807907104,0.9999942183494568,0.9999933242797852,0.0034436385612934828,0.0037003697361797094
1,0.9999998211860657,0.9999992847442627,0.9999992847442627,0.0011600988218560815,0.001334111439064145
2,0.9999803900718689,0.9999972581863403,0.9999963641166687,0.0024294874165207148,0.0028648972511291504
1,1.0000001192092896,0.9999992847442627,0.9999991059303284,0.0013087890110909939,0.0013709584018215537
2,0.9999871850013733,0.9999940991401672,0.9999933838844299,0.003637173678725958,0.0038251839578151703
1,1.0,0.9999989867210388,0.9999988079071045,0.0016842200420796871,0.0017404032405465841
1,1.0,0.9999998807907104,0.9999998211860657,0.0004898375482298434,0.0006963202613405883
2,0.9999943971633911,0.9999908804893494,0.9999897480010986,0.004315389320254326,0.004498889669775963
1,0.9999998807907104,0.9999868869781494,0.9999864101409912,0.005900686141103506,0.005953211337327957
2,0.9999688267707825,0.9999848008155823,0.9999833703041077,0.006078164093196392,0.0063430848531425
1,0.9999998807907104,0.9999957084655762,0.9999954104423523,0.002994631417095661,0.0031052222475409508
1,0.9999997615814209,0.9999969005584717,0.9999967217445374,0.0036176759749650955,0.003667079610750079
1,1.0,0.9999954104423523,0.9999953508377075,0.0030295203905552626,0.0030618917662650347
1,1.0,0.9999985694885254,0.9999985694885254,0.0018863752484321594,0.0019781719893217087
1,1.0,0.9999992251396179,0.9999989867210388,0.0012410921044647694,0.001369759440422058
1,1.0,0.9999999403953552,0.9999998211860657,0.00039384537376463413,0.000631797534879297
1,1.0,0.9999994039535522,0.9999994039535522,0.0010745153995230794,0.0010525858961045742
1,1.0000001192092896,0.9999986290931702,0.9999984502792358,0.001981576671823859,0.0020715491846203804
2,0.9999964833259583,0.9999907612800598,0.9999879598617554,0.004899732768535614,0.005536102224141359
1,1.0,0.9999993443489075,0.9999986886978149,0.0012579901376739144,0.0017322007333859801
1,1.0000001192092896,0.9999998807907104,0.9999996423721313,0.0009091380052268505,0.0009683554526418447
1,1.0,0.9999988079071045,0.9999982118606567,0.001652851002290845,0.0019268629839643836
2,0.9999978542327881,0.9999992847442627,0.9999990463256836,0.0014757915632799268,0.0015154373832046986
2,0.9999903440475464,0.9999957084655762,0.9999954104423523,0.0030111137311905622,0.0030267450492829084
1,1.0,0.9999970197677612,0.9999967217445374,0.0025603394024074078,0.00260653393343091
1,0.9999999403953552,0.9999825954437256,0.9999819993972778,0.0064249164424836636,0.006569402292370796
1,0.9999998211860657,0.9999996423721313,0.9999992251396179,0.000831297249533236,0.0012897872366011143
2,0.9999995231628418,0.9999989867210388,0.9999988079071045,0.001639985479414463,0.0018173044081777334
1,1.0,0.9999964833259583,0.9999960660934448,0.0027583844494074583,0.0029746140353381634
1,0.9999998807907104,0.9999997615814209,0.9999996423721313,0.0007639584364369512,0.0009473813115619123
5,0.9999530911445618,0.9999877214431763,0.9999829530715942,0.00631361361593008,0.0077172801829874516
4,0.9999507665634155,0.999988317489624,0.9999843835830688,0.0061028385534882545,0.007325113285332918
4,0.9999614357948303,0.9999863505363464,0.9999824166297913,0.007091603707522154,0.008281655609607697
4,0.9999886751174927,0.9999945759773254,0.9999918937683105,0.003539013909175992,0.004638927988708019
4,0.9999507665634155,0.9999924898147583,0.9999902844429016,0.004894975107163191,0.005623803939670324
1,0.9999999403953552,0.9999976754188538,0.9999974966049194,0.002234082669019699,0.002344871871173382
1,0.9999999403953552,0.9999955892562866,0.9999954700469971,0.002995990449562669,0.003049236023798585
1,0.9999999403953552,0.9999892115592957,0.9999881386756897,0.004901498090475798,0.005144217517226934
1,0.9999998211860657,0.9999724626541138,0.9999724626541138,0.010242858901619911,0.0104820616543293
1,0.9999999403953552,0.9999558925628662,0.9999540448188782,0.010212648659944534,0.010359836742281914
2,0.9999980926513672,0.9999988675117493,0.9999983906745911,0.0015840386040508747,0.0019202209077775478
1,1.000000238418579,0.9999991655349731,0.9999988079071045,0.00157714553643018,0.0017007255228236318
1,0.9999999403953552,0.9999985694885254,0.9999983906745911,0.001714651589281857,0.0019799312576651573
1,1.0000001192092896,0.9999958276748657,0.9999956488609314,0.002915153279900551,0.0029758859891444445
5,0.9999796152114868,0.9999983310699463,0.999998152256012,0.0017454208573326468,0.00190549751278013
4,0.9999760389328003,0.9999988079071045,0.9999986290931702,0.0016922933282330632,0.0018220539204776287
1,0.9999998807907104,0.9999995827674866,0.9999996423721313,0.0006968830130062997,0.0008493589120917022
4,0.9999905824661255,0.9999982118606567,0.9999978542327881,0.001969151431694627,0.002160826465114951
3,0.9999706745147705,0.9999985694885254,0.9999985694885254,0.0017174576641991735,0.001806977204978466
2,0.9998906254768372,0.9999535083770752,0.9999518990516663,0.010051857680082321,0.010376491583883762
1,0.9999998211860657,0.9999892711639404,0.9999891519546509,0.0048890975303947926,0.005077538546174765
2,0.9999985098838806,0.99998939037323,0.9999891519546509,0.0045926980674266815,0.004630436189472675
3,0.9999613761901855,0.9999843835830688,0.999983549118042,0.005624464247375727,0.005800763610750437
1,0.9999999403953552,0.9999929070472717,0.9999924302101135,0.00381189351901412,0.003932294901460409
1,1.0,0.9999977350234985,0.9999973177909851,0.0023256985004991293,0.0025273619685322046
2,0.9999545812606812,0.9999901056289673,0.999988853931427,0.004505773074924946,0.0047551849856972694
1,0.9999999403953552,0.9999982714653015,0.9999978542327881,0.0020520188845694065,0.0022068105172365904
1,0.9999998807907104,0.9999954104423523,0.9999950528144836,0.0038689658977091312,0.004109249450266361
1,1.0000001192092896,0.9999947547912598,0.9999945163726807,0.003486749017611146,0.0037532977294176817
1,0.9999998807907104,0.9999943971633911,0.9999939799308777,0.0033890458289533854,0.0034866598434746265
1,1.0,0.9999954104423523,0.9999951124191284,0.0031410427764058113,0.0032215025275945663
1,1.0,0.9999992847442627,0.9999993443489075,0.0012634950689971447,0.0013151400489732623
1,1.0,0.9999917149543762,0.9999915361404419,0.004058730322867632,0.004109604749828577
1,0.9999998807907104,0.9999988079071045,0.9999986886978149,0.0017520033288747072,0.0018091824604198337
1,0.9999999403953552,0.9999983310699463,0.9999985694885254,0.00186260009650141,0.0017429348081350327
2,0.999990701675415,0.9999989867210388,0.999998927116394,0.0014753902796655893,0.0015543455956503749
1,0.9999999403953552,0.9999991059303284,0.9999989867210388,0.0013886000961065292,0.0014226133935153484
1,0.9999999403953552,0.9999994039535522,0.9999992251396179,0.0012225564569234848,0.001292164670303464
5,0.9999896287918091,0.9999980926513672,0.9999979138374329,0.0020019407384097576,0.0021010865457355976
4,0.9999935626983643,0.9999980926513672,0.9999977350234985,0.002026282250881195,0.002115417504683137
4,0.9999881386756897,0.9999983906745911,0.9999983906745911,0.0018895892426371574,0.001999940723180771
3,0.9999964237213135,0.9999983906745911,0.9999980926513672,0.0018502762541174889,0.0019363011233508587
9,0.9991120100021362,0.9999822378158569,0.9999753832817078,0.006168926600366831,0.007701520808041096
10,0.9985122084617615,0.9999788999557495,0.9999701976776123,0.007038472220301628,0.008899757638573647
9,0.9982284903526306,0.9999842643737793,0.999976396560669,0.006990618538111448,0.009198451414704323
1,1.0000001192092896,0.9999994039535522,0.9999992847442627,0.0014201283920556307,0.0016684653237462044
8,0.9990228414535522,0.9999866485595703,0.999980092048645,0.005853495094925165,0.007758366409689188
9,0.9967483878135681,0.9999756813049316,0.9999672770500183,0.008433905430138111,0.010321289300918579
7,0.9995012879371643,0.9999905824661255,0.9999896287918091,0.004341090563684702,0.004549679812043905
8,0.9992436170578003,0.9999865293502808,0.9999791383743286,0.005524366162717342,0.007311057299375534
6,0.9980831146240234,0.9999894499778748,0.9999839067459106,0.00598982535302639,0.00795105192810297
7,0.9999695420265198,0.9999857544898987,0.9999789595603943,0.00696202227845788,0.008995956741273403
8,0.9980161786079407,0.9999934434890747,0.999992311000824,0.0051439069211483,0.005894857458770275
7,0.9991465210914612,0.9999947547912598,0.9999939203262329,0.0034183214884251356,0.003855542279779911
5,0.9996258616447449,0.9999749660491943,0.9999746084213257,0.007712203077971935,0.007754509337246418
7,0.9997402429580688,0.9999724626541138,0.999971330165863,0.007884908467531204,0.008039049804210663
6,0.9997233152389526,0.9999709129333496,0.9999697208404541,0.007895424962043762,0.008044841699302197
1,1.0,0.9999987483024597,0.9999982714653015,0.0019625879358500242,0.0021040195133537054
6,0.9996609091758728,0.9999760985374451,0.9999758005142212,0.007790138944983482,0.007860634475946426
5,0.9996317028999329,0.9999682903289795,0.9999682903289795,0.009759998880326748,0.009731203317642212
6,0.9998751878738403,0.99997478723526,0.9999732971191406,0.00795959122478962,0.008230339735746384
5,0.9999524354934692,0.9999932050704956,0.9999929666519165,0.004535548388957977,0.004478377290070057
6,0.9997205138206482,0.9999629855155945,0.9999622106552124,0.009842617437243462,0.009883849881589413
5,0.9996976852416992,0.999961793422699,0.9999607801437378,0.009715556167066097,0.009730391204357147
7,0.999854326248169,0.9999962449073792,0.9999958872795105,0.0027754302136600018,0.0028820352163165808
1,1.0000001192092896,0.9999999403953552,0.9999998807907104,0.00023401131329592317,0.000320471910526976
8,0.9998407363891602,0.9999866485595703,0.9999862313270569,0.005266773514449596,0.0053109279833734035
7,0.9999449849128723,0.9999794960021973,0.9999779462814331,0.006441695615649223,0.006643746513873339
6,0.9999436140060425,0.9999791383743286,0.9999778270721436,0.006490979343652725,0.006648312322795391
7,0.9998090267181396,0.9999870657920837,0.9999867677688599,0.005169951356947422,0.005197008140385151
6,0.999980628490448,0.9999979734420776,0.9999980330467224,0.0019871836993843317,0.001950843259692192
6,0.9997777938842773,0.9999865889549255,0.9999865889549255,0.005208536051213741,0.0052046217024326324
5,0.9999522566795349,0.9999784827232361,0.9999767541885376,0.006592179648578167,0.006819837726652622
7,0.9998154640197754,0.9999864101409912,0.9999861717224121,0.0052819810807704926,0.005287861451506615
6,0.9998311996459961,0.9999861717224121,0.9999860525131226,0.005309045780450106,0.005287629552185535
6,0.9998008012771606,0.9999858736991882,0.9999852180480957,0.00535426614806056,0.0054466440342366695
5,0.9999839663505554,0.9999974966049194,0.9999976754188538,0.0021966476924717426,0.0021581656765192747
6,0.9998423457145691,0.9999963641166687,0.9999958872795105,0.0027210384141653776,0.002885611029341817
9,0.9997299909591675,0.9998916983604431,0.9998883008956909,0.016096139326691628,0.016264941543340683
1,1.0,0.999995768070221,0.999995768070221,0.004002675414085388,0.004003123380243778
8,0.9997066855430603,0.9999743700027466,0.999975323677063,0.010892573744058609,0.010886237025260925
8,0.9996771812438965,0.999879777431488,0.9998764991760254,0.01645270735025406,0.01663273759186268
7,0.9998234510421753,0.9999799728393555,0.9999800324440002,0.006784508004784584,0.006815014872699976
7,0.999801754951477,0.9999887943267822,0.9999890923500061,0.007596930954605341,0.007596754468977451
8,0.9998286366462708,0.9999028444290161,0.9998988509178162,0.013999596238136292,0.014274700544774532
8,0.9997143745422363,0.9999204277992249,0.9999187588691711,0.014829158782958984,0.014906157739460468
7,0.9996384382247925,0.9998701810836792,0.9998651146888733,0.017132679000496864,0.017432432621717453
5,0.9997329711914062,0.9998888969421387,0.9998856782913208,0.014931072480976582,0.015153388492763042
7,0.9996813535690308,0.9999709725379944,0.9999710321426392,0.01093429233878851,0.011013944633305073
8,0.9996960163116455,0.9998802542686462,0.999875009059906,0.016940070316195488,0.017228001728653908
6,0.9996241927146912,0.9998868703842163,0.9998830556869507,0.015653938055038452,0.01589730940759182
1,1.0000001192092896,0.9999987483024597,0.999998927116394,0.0015084889018908143,0.001544614671729505
1,0.9999999403953552,0.9999999403953552,0.9999999403953552,0.0006203764933161438,0.0006704683764837682
1,1.0,0.9999995827674866,0.9999992251396179,0.0007991601014509797,0.00118403066881001
1,1.0,0.999999463558197,0.9999994039535522,0.0014115615049377084,0.0014850657898932695
1,0.9999999403953552,0.9999983310699463,0.999998152256012,0.0019043982028961182,0.00204245513305068
1,1.0,0.9999996423721313,0.9999995231628418,0.0008753537549637258,0.0009330729953944683
1,0.9999999403953552,0.9999991059303284,0.9999988675117493,0.0013533347519114614,0.0015580672770738602
1,1.0000001192092896,0.9999977350234985,0.9999971389770508,0.0021459809504449368,0.0024262971710413694
2,0.9997878074645996,0.9999943375587463,0.999993622303009,0.003455757861956954,0.0036143630277365446
3,0.9999856352806091,0.9999967813491821,0.9999964833259583,0.0026049837470054626,0.0026849983260035515
1,0.9999999403953552,0.9999992251396179,0.9999992251396179,0.0013004220090806484,0.00132275209762156
1,1.0,0.9999997615814209,0.9999997615814209,0.0007983435061760247,0.000875365047249943
2,0.9999977350234985,0.9999982118606567,0.9999980926513672,0.0019117724150419235,0.0020077633671462536
2,0.999985933303833,0.9999991655349731,0.9999990463256836,0.0015296183992177248,0.001588519662618637
2,0.9999985098838806,0.9999980330467224,0.9999980330467224,0.00197486556135118,0.0020322767086327076
1,1.0,0.9999988079071045,0.9999984502792358,0.002406000392511487,0.002478465437889099
1,0.9999999403953552,0.999998152256012,0.9999979138374329,0.0019360656151548028,0.0020397703628987074
1,0.9999999403953552,0.9999991059303284,0.9999988675117493,0.001418338855728507,0.0015377838863059878
3,0.9999910593032837,0.9999976754188538,0.9999972581863403,0.0025204678531736135,0.00259108142927289
4,0.9999624490737915,0.9999898076057434,0.9999895095825195,0.004494327120482922,0.0045463270507752895
1,0.9999998807907104,0.9999989867210388,0.9999986886978149,0.0014745004009455442,0.0015710436273366213
3,0.9999569654464722,0.9999898672103882,0.9999892711639404,0.004535739775747061,0.004637156613171101
1,0.9999999403953552,0.9999982118606567,0.9999976754188538,0.002137101022526622,0.0022728177718818188
1,1.0000001192092896,0.9999998807907104,0.9999997019767761,0.0007568645523861051,0.0008702288032509387
1,1.0,0.9999946355819702,0.9999936819076538,0.0035794677678495646,0.0039339191280305386
2,0.9999372959136963,0.9999977946281433,0.9999973177909851,0.0021117988508194685,0.002348559908568859
1,1.0000001192092896,0.9999974966049194,0.9999973177909851,0.002246262039989233,0.0023651421070098877
1,1.0,0.9999969601631165,0.9999966621398926,0.0025116638280451298,0.002656696829944849
2,0.9999920725822449,0.9999994039535522,0.9999992847442627,0.001102428650483489,0.0012725514825433493
1,0.9999999403953552,0.9999991059303284,0.9999988675117493,0.0016104021342471242,0.001787207555025816
1,0.9999999403953552,0.9999993443489075,0.9999992847442627,0.00125406205188483,0.0013876063749194145
1,1.0,0.9999983310699463,0.9999982118606567,0.0019152930472046137,0.00205262191593647
2,0.9984641075134277,0.999994158744812,0.9999939203262329,0.0034748015459626913,0.003567964304238558
1,1.0000001192092896,0.9999942183494568,0.9999943375587463,0.0035233201924711466,0.0035829138942062855
1,0.9999998807907104,0.9999997615814209,0.9999996423721313,0.0009185261442326009,0.0010611849138513207
2,0.9999814629554749,0.9999915361404419,0.9999904632568359,0.0046737901866436005,0.005044300574809313
1,1.0,0.9999983310699463,0.9999979734420776,0.0018364118877798319,0.0019046325469389558
1,1.0,0.9999945163726807,0.9999938011169434,0.004043097607791424,0.004350592847913504
1,1.0,1.0,0.9999997615814209,0.00037422258174046874,0.0006920780870132148
1,0.9999999403953552,0.9999960064888,0.9999958276748657,0.0028812848031520844,0.0029967601876705885
1,0.9999999403953552,0.9999984502792358,0.9999982714653015,0.0017250612145289779,0.0018887666519731283
2,0.999997615814209,0.9999947547912598,0.9999929666519165,0.0032700884621590376,0.0038153775967657566
1,0.9999999403953552,0.9999991059303284,0.9999990463256836,0.0013709824997931719,0.0014722273917868733
1,1.0,0.999995768070221,0.9999940395355225,0.0029502722900360823,0.0034577639307826757
1,1.0,0.9999968409538269,0.9999967813491821,0.003372517414391041,0.0033033713698387146
1,1.0000001192092896,0.9999997615814209,0.9999997615814209,0.0008133237715810537,0.000935479998588562
1,1.0000001192092896,0.9999964237213135,0.9999958872795105,0.002820823807269335,0.003030944848433137
2,0.9999958276748657,0.9999978542327881,0.9999975562095642,0.0021248534321784973,0.0022495687007904053
2,0.9999980926513672,0.9999992251396179,0.9999990463256836,0.0012407401809468865,0.001347501645796001
1,1.0,0.9999993443489075,0.9999992847442627,0.0010627389419823885,0.0011796049075201154
1,1.0,0.9999997615814209,0.9999997615814209,0.0008895364007912576,0.000946977233979851
1,1.0000001192092896,0.9999994039535522,0.9999995231628418,0.0008748045074753463,0.0009137009037658572
2,0.9999902844429016,0.9999979138374329,0.9999977946281433,0.0020553742069751024,0.002158526564016938
1,0.9999999403953552,0.9999983310699463,0.9999982118606567,0.0017823816742748022,0.0019031502306461334
2,0.9997138381004333,0.9999963641166687,0.999995768070221,0.002981846686452627,0.00309199932962656
3,0.9999789595603943,0.9999956488609314,0.9999948740005493,0.003128938376903534,0.0033089490607380867
1,1.0000001192092896,0.9999978542327881,0.9999973177909851,0.0021421401761472225,0.002385619794949889
1,1.0000001192092896,0.9999980926513672,0.9999980926513672,0.002153662731871009,0.0022287843748927116
2,0.9999760389328003,0.9999953508377075,0.999994158744812,0.003483434906229377,0.0038665649481117725
5,0.9999868273735046,0.9999858736991882,0.9999847412109375,0.005377645138651133,0.005563924089074135
3,0.999994158744812,0.9999999403953552,0.9999998211860657,0.0006146600935608149,0.000665197498165071
6,0.9999511241912842,0.9999735355377197,0.999971330165863,0.007268886547535658,0.007585929241031408
1,1.0,0.9999999403953552,0.9999999403953552,0.0005499717080965638,0.0006281916867010295
4,0.9999960064888,0.9999986886978149,0.9999988079071045,0.0016268041217699647,0.0016699344851076603
2,0.9999953508377075,0.9999998807907104,0.9999998807907104,0.0006068304646760225,0.0006439710850827396
4,0.9999873042106628,0.999986469745636,0.9999852180480957,0.0052567715756595135,0.005454943981021643
4,0.9999927282333374,0.9999865889549255,0.9999856948852539,0.005197064485400915,0.00537146907299757
1,0.9999999403953552,0.9999844431877136,0.9999844431877136,0.006942129693925381,0.006463917437940836
1,1.0,0.9999977350234985,0.9999976754188538,0.0021159895695745945,0.0021760831587016582
1,1.0,0.9999998807907104,0.9999999403953552,0.0003912406100425869,0.0006254035979509354
1,1.0,0.9999914765357971,0.9999910593032837,0.004568989388644695,0.004663731437176466
1,1.0000001192092896,0.9999849796295166,0.9999848008155823,0.0071675656363368034,0.007273002527654171
2,0.9999992847442627,0.9999990463256836,0.9999987483024597,0.0018787371227517724,0.0018301665550097823
2,0.9999998211860657,0.999999463558197,0.999999463558197,0.0009548853849992156,0.0010669019538909197
1,1.0,0.999999463558197,0.9999995827674866,0.0009117007721215487,0.0009532528347335756
1,1.0,0.9999992847442627,0.9999992251396179,0.0016052633291110396,0.0015604608925059438
4,0.9999706149101257,0.999991238117218,0.9999910593032837,0.004220448434352875,0.004337551537901163
3,0.9999518394470215,0.9999964833259583,0.9999964833259583,0.0026366140227764845,0.002739506307989359
2,0.999995231628418,0.9999963045120239,0.9999961853027344,0.002719680080190301,0.0028222661931067705
1,1.0,0.9999977350234985,0.9999977946281433,0.002123706741258502,0.0021837116219103336
2,0.9999913573265076,0.9999976754188538,0.9999973773956299,0.002690346213057637,0.0027975961565971375
3,0.9999810457229614,0.9999944567680359,0.9999932646751404,0.0038560638204216957,0.0038604799192398787
1,1.000000238418579,0.9999979138374329,0.9999972581863403,0.0020211387891322374,0.0023132183123379946
1,1.0,0.9999982118606567,0.9999980330467224,0.002618014346808195,0.0025724684819579124
1,1.0,0.9999995231628418,0.9999993443489075,0.0010555210756137967,0.0011164788156747818
2,0.9993630647659302,0.9999900460243225,0.9999897480010986,0.004491920582950115,0.00455624470487237
1,0.9999999403953552,0.9999898672103882,0.9999895095825195,0.004503453616052866,0.00457741180434823
1,1.0000001192092896,0.9999944567680359,0.9999935626983643,0.003325093537569046,0.003564783139154315
1,1.0,0.9999996423721313,0.9999995231628418,0.0011183889582753181,0.001312189269810915
1,0.9999999403953552,0.9999996423721313,0.9999995827674866,0.0008541509159840643,0.000927225686609745
2,0.9999946355819702,0.9999994039535522,0.9999991655349731,0.0015803155256435275,0.0018145206850022078
2,0.9999922513961792,0.9999964833259583,0.9999958872795105,0.0035082013346254826,0.003862272948026657
1,1.0000001192092896,0.9999987483024597,0.9999983310699463,0.0016282577998936176,0.001787880901247263
1,0.9999999403953552,0.9999982118606567,0.9999980330467224,0.00329361530020833,0.0034711838234215975
1,1.0,0.9999993443489075,0.9999993443489075,0.0011701913317665458,0.0012592584826052189
2,0.9999945163726807,0.9999915361404419,0.9999896287918091,0.004248565062880516,0.004663360770791769
3,0.9999792575836182,0.9999865293502808,0.9999861717224121,0.0052143363282084465,0.005303922109305859
2,0.9999957084655762,0.9999753832817078,0.9999741315841675,0.0070385742001235485,0.0072008101269602776
1,1.0,0.9999969005584717,0.9999967217445374,0.00248673465102911,0.002575429854914546
2,0.9999975562095642,0.9999980330467224,0.9999980926513672,0.0019433588022366166,0.0019533925224095583
1,0.9999998807907104,0.9999994039535522,0.9999989867210388,0.0011583908926695585,0.0014077762607485056
1,0.9999998807907104,0.9999995231628418,0.9999993443489075,0.0009740600944496691,0.0010902289068326354
2,0.9999921917915344,0.9999929666519165,0.9999926686286926,0.003959230612963438,0.00406552804633975
1,1.0000001192092896,0.9999993443489075,0.9999992251396179,0.0014234209666028619,0.001442178152501583
2,0.999994695186615,0.9999991059303284,0.9999991655349731,0.00160628417506814,0.0017232276732102036
2,0.999984622001648,0.9999985694885254,0.9999985694885254,0.0016620561946183443,0.0017255874117836356
3,0.9999728202819824,0.9999967813491821,0.9999962449073792,0.0025364605244249105,0.0028004341293126345
2,0.9999945759773254,0.9999995827674866,0.9999991655349731,0.0008991923532448709,0.0012465163599699736
2,0.999970018863678,0.9999969005584717,0.9999964833259583,0.002504104981198907,0.002653594361618161
3,0.999816358089447,0.9999750852584839,0.9999738931655884,0.008178175427019596,0.008790416643023491
2,0.9999691247940063,0.9999983906745911,0.9999980926513672,0.0018094222759827971,0.0020575260277837515
2,0.9999876022338867,0.9999992847442627,0.9999989867210388,0.001360141672194004,0.0015467139892280102
1,0.9999999403953552,0.9999995827674866,0.9999995231628418,0.0009992842096835375,0.001079479930922389
2,0.999825119972229,0.9999796748161316,0.9999785423278809,0.0077655380591750145,0.008376766927540302
3,0.9999319314956665,0.999996542930603,0.9999960064888,0.0026065718848258257,0.0028713468927890062
1,1.0000001192092896,0.9999983310699463,0.999998152256012,0.0018801596015691757,0.0020144754089415073
1,1.0,0.9999996423721313,0.9999995231628418,0.0009355794172734022,0.0011670842068269849
2,0.9999426603317261,0.9999950528144836,0.9999948740005493,0.003221360966563225,0.0032022863160818815
2,0.999984622001648,0.9999826550483704,0.9999817609786987,0.0070579200983047485,0.007337242364883423
1,0.9999998807907104,0.9999986290931702,0.9999983906745911,0.0016432207776233554,0.0017401998629793525
1,1.0,0.9999995827674866,0.9999995231628418,0.0010431943228468299,0.0010899653425440192
2,0.9999997615814209,0.9999984502792358,0.9999985694885254,0.0017809327691793442,0.0019202515250071883
1,1.0,0.9999993443489075,0.9999992847442627,0.0012727734865620732,0.0013668953906744719
1,1.0,0.9999970197677612,0.9999961256980896,0.0025840401649475098,0.0029177239630371332
2,0.9999897480010986,0.999995768070221,0.9999944567680359,0.0029906993731856346,0.0033752562012523413
2,0.9999653100967407,0.9999995231628418,0.9999992847442627,0.001090534613467753,0.00130286009516567
3,0.9999784231185913,0.9999779462814331,0.9999767541885376,0.006715655326843262,0.006889647804200649
1,1.0,0.9999890327453613,0.9999879598617554,0.004953712224960327,0.005191279575228691
3,0.99984210729599,0.9999799132347107,0.9999787211418152,0.006350586656481028,0.006543970201164484
2,0.9999883770942688,0.9999893307685852,0.9999882578849792,0.004755179863423109,0.0049590724520385265
3,0.9999424815177917,0.9999325275421143,0.999931812286377,0.01654120720922947,0.016634564846754074
1,1.0000001192092896,0.9999991059303284,0.9999988079071045,0.0016640527173876762,0.0017978339456021786
1,0.9999999403953552,0.9999998807907104,0.9999998807907104,0.0005821399972774088,0.0006395206437446177
1,1.0,0.9999984502792358,0.9999982714653015,0.002006105612963438,0.0019599569495767355
2,0.9999518394470215,0.999998927116394,0.9999987483024597,0.002333074575290084,0.002283352194353938
1,0.9999998211860657,0.999999463558197,0.9999994039535522,0.0010941121727228165,0.0011212412500753999
1,0.9999998807907104,0.9999971985816956,0.9999973773956299,0.002667630324140191,0.002679260680451989
3,0.9999915361404419,0.9999919533729553,0.9999914169311523,0.0040921480394899845,0.004208126105368137
2,0.9999912977218628,0.9999896287918091,0.9999890327453613,0.00471062958240509,0.004805771168321371
3,0.9999898672103882,0.9999977350234985,0.9999967813491821,0.0021772217005491257,0.0025618928484618664
2,0.9999960660934448,0.9999979734420776,0.9999979138374329,0.0020172272343188524,0.002078573452308774
4,0.9999414682388306,0.9999968409538269,0.999995768070221,0.0024911253713071346,0.0029125248547643423
3,0.9999581575393677,0.9999678730964661,0.9999663233757019,0.00867818295955658,0.008794909343123436
4,0.9999402761459351,0.9999600052833557,0.9999575018882751,0.009567196480929852,0.009803533554077148
1,1.0000001192092896,0.9999980926513672,0.9999980926513672,0.0018983292393386364,0.0019359237048774958
2,0.9999988079071045,0.9999972581863403,0.9999967813491821,0.002731281565502286,0.0030119125731289387
2,0.9998173713684082,0.9998489618301392,0.9998453259468079,0.0173962265253067,0.017608333379030228
3,0.9999903440475464,0.9999969601631165,0.9999968409538269,0.0025960037019103765,0.002721453085541725
2,0.9999968409538269,0.999998152256012,0.9999980330467224,0.0020812642760574818,0.002137847477570176
1,1.0000001192092896,0.9999989867210388,0.9999989867210388,0.0015503306640312076,0.0015715189510956407
3,0.999928891658783,0.9999535083770752,0.9999525547027588,0.009675038047134876,0.00975471455603838
1,1.0,0.9999945163726807,0.9999943971633911,0.003453013952821493,0.003493201918900013
2,0.9999833106994629,0.999995231628418,0.9999954104423523,0.003092285944148898,0.003011624561622739
2,0.9999720454216003,0.9999903440475464,0.9999898076057434,0.004422470927238464,0.004498086869716644
1,0.9999999403953552,0.9999988079071045,0.9999988675117493,0.0015896833501756191,0.0015949916560202837
2,0.9999938607215881,0.9999992847442627,0.9999992251396179,0.0011718953028321266,0.0012287109857425094
1,1.0000001192092896,0.9999989867210388,0.9999991059303284,0.0015312538016587496,0.001558722578920424
2,0.9999969005584717,0.9999984502792358,0.9999983906745911,0.002043402986600995,0.002100851386785507
3,0.9999489188194275,0.9999979138374329,0.9999979138374329,0.002090068766847253,0.0022466026712208986
2,0.9999401569366455,0.9999985098838806,0.9999984502792358,0.001808942761272192,0.0019885019864887
1,1.0,0.999998152256012,0.9999979734420776,0.001867978717200458,0.0020374192390590906
2,0.9999959468841553,0.9999983310699463,0.9999980330467224,0.0019285654416307807,0.002042293082922697
2,0.999975860118866,0.9999922513961792,0.999992311000824,0.003951146267354488,0.0039038779214024544
1,0.9999999403953552,0.9999995827674866,0.9999995827674866,0.0008725797524675727,0.0010237975511699915
3,0.9999701380729675,0.9999927282333374,0.9999926090240479,0.003836054354906082,0.003832301590591669
1,1.0,0.9999973773956299,0.9999969005584717,0.0022923555225133896,0.002461046213284135
2,0.9999979734420776,0.9999974966049194,0.9999970197677612,0.002283513080328703,0.0025253670755773783
1,1.0,0.9999992251396179,0.999998927116394,0.0013997247442603111,0.0015756796346977353
1,0.9999999403953552,0.9999989867210388,0.9999988079071045,0.0014581819996237755,0.0015624205116182566
1,0.9999998807907104,0.9999997615814209,0.9999997615814209,0.000588125258218497,0.0006667596171610057
1,1.0,0.9999997615814209,0.9999997019767761,0.0007027508108876646,0.0012134736170992255
3,0.9999915957450867,0.9999988079071045,0.9999985098838806,0.0016006273217499256,0.0018080933950841427
2,0.9999979734420776,0.9999994039535522,0.9999993443489075,0.0011281241895630956,0.0012134035350754857
1,0.9999998807907104,1.0,1.0,0.00040750164771452546,0.00041668929043225944
1,0.9999998807907104,0.9999997019767761,0.9999994039535522,0.0013445791555568576,0.0014603747986257076
1,1.0000001192092896,0.9999995231628418,0.9999992847442627,0.0012200839119032025,0.001341851195320487
3,0.9999912977218628,0.9999960660934448,0.9999945759773254,0.002826812444254756,0.00336006679572165
2,0.9999867677688599,0.9999973773956299,0.9999962449073792,0.0023017635103315115,0.00271396292373538
2,0.9999997615814209,0.9999980330467224,0.9999973773956299,0.002104469807818532,0.002517871791496873
2,1.0,0.9999986290931702,0.9999979734420776,0.0017018681392073631,0.001980576431378722
1,1.0,0.9999995827674866,0.9999991059303284,0.001014859532006085,0.0012654759921133518
4,0.9999173283576965,0.9999812841415405,0.9999806880950928,0.008977961726486683,0.009276889264583588
6,0.999947726726532,0.9999759197235107,0.9999757409095764,0.008173469454050064,0.008148757740855217
3,0.9999532103538513,0.999984622001648,0.999984085559845,0.007878216914832592,0.00810970738530159
5,0.9999459385871887,0.9999756813049316,0.9999755024909973,0.009120936505496502,0.009263192303478718
3,0.9999785423278809,0.9999879002571106,0.9999878406524658,0.006793019361793995,0.0069452556781470776
5,0.9999465346336365,0.9999833703041077,0.999983549118042,0.00759423803538084,0.007602244149893522
2,0.9988532066345215,0.9999893307685852,0.9999902248382568,0.004602428991347551,0.00446377182379365
1,1.000000238418579,0.9999896287918091,0.9999898076057434,0.004565164912492037,0.004564270842820406
1,0.9999998807907104,0.9999998807907104,0.9999998807907104,0.0005210585077293217,0.0005498298560269177
2,0.9999996423721313,0.9999997615814209,0.9999997615814209,0.0006275320774875581,0.0006560006295330822
1,1.0,0.999998927116394,0.9999988079071045,0.0014806288527324796,0.0015783762792125344
2,0.9999960660934448,0.9999985694885254,0.9999983310699463,0.001753821736201644,0.0018516082782298326
1,0.9999999403953552,0.9999980926513672,0.9999979734420776,0.0019592305179685354,0.0019876195583492517
1,1.0000001192092896,0.9999967217445374,0.9999966025352478,0.0026428261771798134,0.00265233195386827
1,0.9999998807907104,0.9999926686286926,0.9999924302101135,0.003967960365116596,0.004021594300866127
2,0.9999979734420776,0.9999993443489075,0.9999993443489075,0.0010554358595982194,0.0011662738397717476
3,0.9999926090240479,0.9999989867210388,0.9999988675117493,0.0013419928727671504,0.0014315519947558641
2,0.9999909996986389,0.9999990463256836,0.999998927116394,0.0013674931833520532,0.001436725608073175
1,1.0,0.9999994039535522,0.9999993443489075,0.0010683753062039614,0.0011486178264021873
3,0.9999977946281433,0.9999962449073792,0.9999957084655762,0.002813605824485421,0.0029962854459881783
2,0.9999991655349731,0.9999964237213135,0.9999958872795105,0.002741369418799877,0.002905679401010275
2,0.9999985694885254,0.9999992847442627,0.9999992847442627,0.001387103577144444,0.0014103371649980545
1,1.0,0.9999979734420776,0.999997615814209,0.002054041251540184,0.002183173783123493
4,0.9999881982803345,0.9999992251396179,0.9999991059303284,0.0012172796996310353,0.001380263827741146
5,0.9999767541885376,0.999997079372406,0.9999967813491821,0.002469379222020507,0.0026965525466948748
3,0.9999887347221375,0.9999991059303284,0.9999991059303284,0.0013531721197068691,0.0013405898353084922
4,0.9999778866767883,0.9999963641166687,0.9999959468841553,0.0027348045259714127,0.0029052807949483395
4,0.9999159574508667,0.9999926686286926,0.999992311000824,0.004057969897985458,0.00410401402041316
3,0.9999253749847412,0.9999933242797852,0.9999932050704956,0.0038753594271838665,0.003897701157256961
2,0.9999952912330627,0.999995231628418,0.9999949336051941,0.0030807245057076216,0.0032138812821358442
2,0.9999909400939941,0.9999976754188538,0.9999970197677612,0.002197365742176771,0.002472292399033904
1,1.0,0.9999983906745911,0.9999982714653015,0.0016879573231562972,0.0018153100972995162
3,0.9999851584434509,0.9999828338623047,0.9999817609786987,0.005878191441297531,0.006056617945432663
2,0.9999990463256836,0.999999463558197,0.999999463558197,0.0009640652569942176,0.0010387918446213007
1,0.9999999403953552,0.9999997019767761,0.9999995827674866,0.0008453126065433025,0.0009576876182109118
1,1.0,0.9999997019767761,0.9999995827674866,0.000722656084690243,0.0007885044324211776
2,0.9999809265136719,0.9999840259552002,0.9999832510948181,0.0056542507372796535,0.005792723968625069
4,0.9998655319213867,0.9999843239784241,0.9999840259552002,0.005626406520605087,0.005691469646990299
1,1.0000001192092896,0.9999962449073792,0.9999961256980896,0.0028345235623419285,0.0028580077923834324
3,0.9998615980148315,0.9999834299087524,0.9999830722808838,0.0057722460478544235,0.0058384551666677
2,0.9998303055763245,0.999987006187439,0.999986469745636,0.0051470245234668255,0.005250587593764067
1,1.0000001192092896,0.9999876618385315,0.9999871253967285,0.004979371093213558,0.005095271393656731
3,0.9998469352722168,0.9999870657920837,0.9999865293502808,0.005167620722204447,0.0052923462353646755
1,1.0000001192092896,0.999999463558197,0.9999992847442627,0.0010802490869536996,0.0012245472753420472
6,0.999683141708374,0.999993622303009,0.9999904632568359,0.004295124672353268,0.005029709544032812
1,0.9999999403953552,0.9999993443489075,0.9999991655349731,0.0011269395472481847,0.0012697400525212288
4,0.9996107816696167,0.9999932646751404,0.9999905228614807,0.004271651618182659,0.00485304556787014
4,0.9996156096458435,0.999991774559021,0.9999908208847046,0.0048188562504947186,0.00524172792211175
5,0.9996858835220337,0.9999914169311523,0.999987781047821,0.004778529983013868,0.005517832934856415
5,0.999628484249115,0.9999948740005493,0.9999936819076538,0.004197274334728718,0.004686915781348944
5,0.9996227622032166,0.9999948740005493,0.9999925494194031,0.00390461552888155,0.0044376906007528305
2,0.9999973773956299,0.9999986290931702,0.9999961853027344,0.0016645366558805108,0.002791729988530278
2,0.9991816282272339,0.9999985098838806,0.9999983310699463,0.0024014287628233433,0.002574201673269272
4,0.9995377659797668,0.9999961256980896,0.9999953508377075,0.003734537400305271,0.004065947141498327
3,0.9999589920043945,0.9999960064888,0.9999943971633911,0.0030688277911394835,0.003546308260411024
1,0.9999999403953552,0.9999992847442627,0.9999992251396179,0.001139327883720398,0.0012601440539583564
3,0.9994910955429077,0.9999940395355225,0.9999933242797852,0.004232804756611586,0.004525712225586176
4,0.9999687075614929,0.9999938011169434,0.9999915361404419,0.0037328163161873817,0.004341133404523134
3,0.9999853372573853,0.9999937415122986,0.9999918937683105,0.003899253671988845,0.004276798106729984
5,0.9999696016311646,0.999992847442627,0.9999874830245972,0.0039047221653163433,0.0050748432986438274
3,0.9999935030937195,0.999994695186615,0.999994158744812,0.003623310010880232,0.003665185533463955
1,0.9999998807907104,0.9999991655349731,0.9999989867210388,0.0014227660140022635,0.0015348800225183368
2,0.9999980926513672,0.9999955892562866,0.9999951720237732,0.0035898901987820864,0.0036160226445645094
2,0.9999985694885254,0.9999960660934448,0.9999958276748657,0.0037883506156504154,0.003931458108127117
1,1.0,0.9999971985816956,0.9999968409538269,0.0039424654096364975,0.004096079617738724
2,0.9999933242797852,0.9999982118606567,0.9999978542327881,0.0022374256514012814,0.002563621150329709
1,1.0,0.999998927116394,0.9999986886978149,0.0018258229829370975,0.0020935016218572855
6,0.9999610185623169,0.9999960064888,0.9999955296516418,0.0029151965864002705,0.0030751090962439775
1,1.0000001192092896,0.9999999403953552,0.9999999403953552,0.00031794223468750715,0.0003823910956270993
7,0.9998849034309387,0.9999958872795105,0.9999953508377075,0.0030276060570031404,0.0032017179764807224
2,0.9999902248382568,0.9999996423721313,0.9999995231628418,0.0009359981049783528,0.0011114466469734907
6,0.9998911619186401,0.9999966621398926,0.9999962449073792,0.0027057225815951824,0.0028555558528751135
7,0.9999489784240723,0.9999958872795105,0.9999955892562866,0.0028929365798830986,0.003056133398786187
8,0.9999194741249084,0.9999957084655762,0.9999954700469971,0.0029682123567909002,0.0031470712274312973
7,0.9999158382415771,0.999996542930603,0.9999963045120239,0.0026135232765227556,0.0027473787777125835
5,0.9999507069587708,0.9999963045120239,0.9999960660934448,0.0026892307214438915,0.0028354967944324017
1,1.0,0.9999995231628418,0.9999995827674866,0.0007985340198501945,0.0009481569286435843
2,0.9999998211860657,0.999999463558197,0.9999993443489075,0.0010297520784661174,0.0010897070169448853
6,0.9998716711997986,0.9999955892562866,0.9999951124191284,0.0030797214712947607,0.0032623710576444864
6,0.9999409914016724,0.9999961853027344,0.9999958872795105,0.002841625828295946,0.002954033901914954
2,0.999994158744812,0.9999995231628418,0.9999993443489075,0.0011274154530838132,0.0011761472560465336
8,0.9998342990875244,0.9999831318855286,0.9999808073043823,0.006201805081218481,0.006492522079497576
2,0.9999943375587463,0.9999986886978149,0.9999985098838806,0.0016003752825781703,0.0019702266436070204
9,0.9998629689216614,0.9999867677688599,0.9999849200248718,0.005561128258705139,0.005823684390634298
3,0.9999270439147949,0.9999945759773254,0.9999948143959045,0.003329456551000476,0.003236343851312995
9,0.9998335242271423,0.9999826550483704,0.9999800324440002,0.006237044930458069,0.006575710140168667
8,0.9998952150344849,0.9999886751174927,0.9999870657920837,0.004962579812854528,0.005197055172175169
8,0.9998629093170166,0.9999833106994629,0.9999809265136719,0.006211464758962393,0.006511380430310965
10,0.9998579025268555,0.9999848008155823,0.9999825954437256,0.005779282655566931,0.006148138083517551
2,0.9999945163726807,0.9999963045120239,0.9999964237213135,0.0028646960854530334,0.0027266424149274826
8,0.9998754262924194,0.9999876022338867,0.9999856948852539,0.005570785142481327,0.005837071221321821
8,0.9998764991760254,0.999983012676239,0.9999809265136719,0.006262877490371466,0.006475486792623997
3,0.9999939203262329,0.9999979734420776,0.999997615814209,0.002131702145561576,0.002677692100405693
4,0.9999918341636658,0.9999940991401672,0.9999936819076538,0.0038647018373012543,0.00402410002425313
2,0.9999980926513672,0.9999979734420776,0.9999977350234985,0.0020491224713623524,0.0021845465525984764
3,0.9999983310699463,0.9999951720237732,0.9999948740005493,0.003580646589398384,0.0037337271496653557
5,0.9999790191650391,0.9999935626983643,0.9999933838844299,0.0042188940569758415,0.004368305206298828
3,0.9999898672103882,0.9999985694885254,0.9999985694885254,0.0017346864333376288,0.0017681210301816463
1,1.0,0.9999995231628418,0.9999995827674866,0.0008724941872060299,0.0009546439978294075
3,0.9999974966049194,0.9999927282333374,0.999992311000824,0.0041089351288974285,0.0042441245168447495
2,0.999954342842102,0.9999914765357971,0.9999914169311523,0.004917541053146124,0.004889989737421274
1,1.0,0.999993085861206,0.9999926686286926,0.004773858934640884,0.004996221512556076
1,0.9999998807907104,0.9999708533287048,0.9999707341194153,0.009586217813193798,0.009940247051417828
2,0.9998077154159546,0.9999664425849915,0.9999654293060303,0.01193950604647398,0.012588192708790302
1,1.0000001192092896,0.9999992251396179,0.9999992847442627,0.001305032055824995,0.0014231535606086254
1,0.9999999403953552,0.9999992847442627,0.9999993443489075,0.001625295146368444,0.0014751069247722626
2,0.9999966621398926,0.9999985098838806,0.999998152256012,0.001968743046745658,0.0022081101778894663
1,1.0,0.9999998211860657,0.9999995827674866,0.0007820350583642721,0.0010195591021329165
1,0.9999999403953552,0.9999986886978149,0.9999988079071045,0.001728603383526206,0.0017441693926230073
1,0.9999999403953552,0.9999871850013733,0.999986469745636,0.005275746341794729,0.005432431120425463
2,0.9999701380729675,0.9999949336051941,0.9999940991401672,0.003180400701239705,0.003448242787271738
1,0.9999998211860657,0.9999976754188538,0.9999971985816956,0.002128415508195758,0.0024463776499032974
1,1.0,0.9999983310699463,0.9999980926513672,0.002357812598347664,0.002523998962715268
1,1.0,0.9999977946281433,0.9999971985816956,0.002206956036388874,0.002395636634901166
1,0.9999998807907104,0.9999989867210388,0.9999988079071045,0.0017477833898738027,0.00216255197301507
2,0.9999954700469971,0.9999960660934448,0.9999958276748657,0.0029621480498462915,0.0033389395102858543
2,0.9999995827674866,0.9999998211860657,0.9999996423721313,0.0007477821782231331,0.0008632795070298016
1,1.0000001192092896,0.9999998807907104,0.9999998807907104,0.0005147946649231017,0.0005690334946848452
1,1.0,0.9999997615814209,0.9999998211860657,0.0005042724660597742,0.0005744819063693285
1,1.0,0.9999995827674866,0.9999995231628418,0.001057721208781004,0.0011510440381243825
1,1.0000001192092896,0.9999951124191284,0.9999948143959045,0.0030914864037185907,0.0032489835284650326
1,1.0000001192092896,0.9999998211860657,0.9999995231628418,0.0009373061475344002,0.0010147754801437259
2,0.9999984502792358,0.9999903440475464,0.9999898672103882,0.004381099715828896,0.004512737970799208
1,1.0000001192092896,0.9999896287918091,0.9999885559082031,0.004568906966596842,0.004799485672265291
3,0.9999638795852661,0.9999524354934692,0.9999479055404663,0.009827098809182644,0.010302729904651642
1,1.0000001192092896,0.9999977946281433,0.9999973773956299,0.0023462779354304075,0.0024723487440496683
2,0.9999455213546753,0.9999949932098389,0.9999942779541016,0.0034743056166917086,0.0037426105700433254
1,0.9999999403953552,0.9999980926513672,0.9999974966049194,0.0020968385506421328,0.0022932528518140316
1,0.9999998807907104,0.999998927116394,0.999998927116394,0.0015386021696031094,0.001616701832972467
2,0.9999977350234985,0.9999977946281433,0.9999977350234985,0.002177201211452484,0.0022827940993010998
2,0.9999700784683228,0.9999973177909851,0.9999973177909851,0.0024420958943665028,0.002540903864428401
1,0.9999999403953552,0.999997615814209,0.9999974370002747,0.0021967196371406317,0.0022835948038846254
2,0.9999878406524658,0.999996542930603,0.9999959468841553,0.0027520100120455027,0.002969487803056836
3,0.9999724626541138,0.9999951720237732,0.9999938607215881,0.0031255355570465326,0.003555860137566924
1,1.0000001192092896,0.9999969601631165,0.9999964833259583,0.0026233792304992676,0.002722865901887417
1,0.9999998807907104,0.9999990463256836,0.9999988675117493,0.0014620608417317271,0.0015345547581091523
2,0.9999977946281433,0.9999985098838806,0.9999979734420776,0.0017842099769040942,0.0020219460129737854
3,0.9999558925628662,0.9999947547912598,0.9999939799308777,0.003261593636125326,0.003515006275847554
4,0.9999487400054932,0.999996542930603,0.9999966621398926,0.0027407219167798758,0.0029963997658342123
3,0.9999801516532898,0.9999966621398926,0.9999966621398926,0.0025726663880050182,0.002689969027414918
2,0.9999912977218628,0.9999964833259583,0.9999966621398926,0.0026442529633641243,0.0026345746591687202
3,0.9999415278434753,0.9999966025352478,0.9999966621398926,0.0027051495853811502,0.0029065473936498165
3,0.9999911189079285,0.9999960064888,0.9999961256980896,0.0027975556440651417,0.002787842182442546
2,0.9999898672103882,0.9999969601631165,0.9999967813491821,0.002556207124143839,0.0026839657220989466
1,1.0,0.9999967217445374,0.9999966621398926,0.0025775188114494085,0.0026107376907020807
1,0.9999999403953552,0.9999949932098389,0.9999932646751404,0.0034052133560180664,0.003955727908760309
1,0.9999998807907104,0.9999977350234985,0.9999977350234985,0.0025289952754974365,0.0024541006423532963
1,0.9999998807907104,0.9999987483024597,0.9999986290931702,0.0016072102589532733,0.0016392768593505025
1,0.9999998807907104,0.9999957084655762,0.9999954700469971,0.0029447118286043406,0.003045938676223159
3,0.9999648928642273,0.9999908208847046,0.9999893307685852,0.004936905112117529,0.005731281358748674
1,1.0000001192092896,0.9999975562095642,0.9999969005584717,0.002997046336531639,0.0036912511568516493
5,0.9998424649238586,0.999970555305481,0.9999709129333496,0.011473696678876877,0.011377356946468353
2,0.9998774528503418,0.9999874234199524,0.9999871253967285,0.006458406336605549,0.006560061126947403
4,0.9999111294746399,0.9999679923057556,0.9999680519104004,0.01230666134506464,0.012205713428556919
1,1.0000001192092896,0.9999868273735046,0.9999864101409912,0.0071152132004499435,0.007194602396339178
4,0.9998491406440735,0.9999748468399048,0.999975323677063,0.009313982911407948,0.009169835597276688
3,0.9999897480010986,0.9999927878379822,0.9999915957450867,0.0038537713699042797,0.004117738921195269
1,1.0,0.9999982714653015,0.9999979138374329,0.0019268699688836932,0.002049048664048314
2,0.9999989867210388,0.999994695186615,0.9999940395355225,0.003300165291875601,0.0035058956127613783
3,0.9994544982910156,0.9999868869781494,0.9999872446060181,0.011629177257418633,0.0113263800740242
3,0.9998330473899841,0.9999662637710571,0.9999664425849915,0.011443071067333221,0.011261575855314732
4,0.9993174076080322,0.9999679923057556,0.9999678134918213,0.013105621561408043,0.012833056040108204
2,0.9994360208511353,0.9999868869781494,0.9999874830245972,0.01180578675121069,0.011521811597049236
3,0.9998178482055664,0.9999881386756897,0.9999874234199524,0.006508973427116871,0.006675883196294308
2,0.9998144507408142,0.9999878406524658,0.999987781047821,0.006118633318692446,0.006197040434926748
1,0.9999998807907104,0.9999876022338867,0.9999871253967285,0.006382255349308252,0.006503533571958542
5,0.9998795390129089,0.9999834895133972,0.9999828934669495,0.005848128814250231,0.00595902930945158
5,0.9999173283576965,0.9999865293502808,0.999985933303833,0.005262128543108702,0.005363826639950275
4,0.9999490976333618,0.9999980330467224,0.9999974966049194,0.002035458805039525,0.00224744388833642
6,0.9998259544372559,0.9999908804893494,0.9999897480010986,0.004500553011894226,0.0047140722163021564
4,0.9999510645866394,0.9999836683273315,0.999983549118042,0.005735162179917097,0.0057605355978012085
3,0.9999804496765137,0.9999975562095642,0.9999971389770508,0.002209998667240143,0.0023398175835609436
4,0.9999341368675232,0.9999865293502808,0.9999858736991882,0.0052881608717143536,0.0053550428710877895
4,0.9999027252197266,0.9999870657920837,0.9999865293502808,0.005173605866730213,0.0052570924162864685
2,0.9999871253967285,0.9999995827674866,0.9999992847442627,0.0008973643416538835,0.0009572174167260528
4,0.9999182820320129,0.9999845623970032,0.999984085559845,0.00567697174847126,0.005783052649348974
5,0.9998409152030945,0.9999905824661255,0.9999892115592957,0.004597614519298077,0.0048240371979773045
5,0.9998921751976013,0.9999914169311523,0.999990701675415,0.004343103617429733,0.004534975625574589
9,0.9995241165161133,0.9999759793281555,0.9999713897705078,0.007209573406726122,0.00790439173579216
8,0.9997400641441345,0.9999682307243347,0.9999630451202393,0.00834745354950428,0.008984015323221684
7,0.999819815158844,0.9999821782112122,0.9999786615371704,0.007330234628170729,0.007870867848396301
6,0.9998664855957031,0.9999882578849792,0.9999864101409912,0.00543934665620327,0.005758462939411402
7,0.9995432496070862,0.999973475933075,0.999970018863678,0.007636700291186571,0.00815604254603386
7,0.9997532963752747,0.9999642372131348,0.9999597668647766,0.008607828989624977,0.009168371558189392
5,0.9997760653495789,0.9999927878379822,0.9999918937683105,0.0047944411635398865,0.004965265281498432
8,0.9998076558113098,0.9999752640724182,0.9999725222587585,0.007110311184078455,0.007548508234322071
8,0.9993352890014648,0.9999602437019348,0.9999540448188782,0.009035838767886162,0.009770544245839119
7,0.9997669458389282,0.9999707937240601,0.9999662637710571,0.008141973987221718,0.008702421560883522
2,0.9999831914901733,0.9999605417251587,0.9999600648880005,0.009299800731241703,0.009335342794656754
3,0.9998807907104492,0.9999581575393677,0.9999576807022095,0.009382988326251507,0.00944267213344574
1,0.9999998807907104,0.999989926815033,0.9999890923500061,0.0044844066724181175,0.00469047948718071
2,0.9997879266738892,0.9999479651451111,0.999947726726532,0.010536683723330498,0.0105200856924057
1,1.0,0.9999986290931702,0.9999986290931702,0.0018598049646243453,0.0019282159628346562
2,0.9999227523803711,0.9999912977218628,0.9999909996986389,0.004893225617706776,0.004968756344169378
1,1.0,0.9999964833259583,0.9999961853027344,0.002615255070850253,0.0027624801732599735
1,1.0,0.9999995827674866,0.9999994039535522,0.0008725175284780562,0.0011039208620786667
1,1.0000001192092896,0.9999978542327881,0.9999978542327881,0.002372128190472722,0.0022396177519112825
1,1.0000001192092896,0.9999995827674866,0.9999993443489075,0.0008945991867221892,0.0011356105096638203
2,0.9999607801437378,0.9999933838844299,0.9999929070472717,0.0038014985620975494,0.0039030800107866526
4,0.9999962449073792,0.9999932646751404,0.999992847442627,0.004361950792372227,0.004474851302802563
2,0.9999992847442627,0.9999912977218628,0.9999911785125732,0.004751080181449652,0.00480483565479517
3,0.9999961853027344,0.9999980330467224,0.9999973177909851,0.0020159941632300615,0.002322683110833168
3,0.9999986886978149,0.9999917149543762,0.9999911785125732,0.004662086255848408,0.004804409574717283
1,1.0,0.9999960660934448,0.9999956488609314,0.0028481963090598583,0.003000866621732712
1,1.000000238418579,0.9999998807907104,0.9999998807907104,0.000525115174241364,0.0005468480521813035
2,0.9999955296516418,0.9999997019767761,0.9999997615814209,0.0006620876956731081,0.0007351942476816475
3,0.9993438720703125,0.9999821186065674,0.9999802112579346,0.006251409184187651,0.006544355768710375
1,0.9999999403953552,0.9999993443489075,0.9999992847442627,0.0011108346516266465,0.0012293548788875341
2,0.9999853372573853,0.9999964237213135,0.9999962449073792,0.0026682717725634575,0.002781815594062209
2,0.9996256828308105,0.9999834895133972,0.9999816417694092,0.00622100243344903,0.006499623879790306
1,0.9999998807907104,0.9999966621398926,0.9999963045120239,0.0026095989160239697,0.002726005855947733
2,0.9994571208953857,0.9999892115592957,0.9999890327453613,0.004663404077291489,0.004709215369075537
1,1.0,0.9999949336051941,0.9999945163726807,0.0033312556333839893,0.0034385735634714365
1,1.0,0.9999970197677612,0.9999969005584717,0.003415607148781419,0.003408473916351795
1,0.9999998807907104,0.9999992251396179,0.9999989867210388,0.001419512671418488,0.0017939036479219794
2,0.9999996423721313,0.9999963641166687,0.9999961256980896,0.0031528999097645283,0.0030677865725010633
3,0.9998420476913452,0.999967098236084,0.999966561794281,0.009835338220000267,0.009976199828088284
2,0.9999871253967285,0.9999706745147705,0.9999706745147705,0.009356716647744179,0.009311689995229244
1,1.0000001192092896,0.9999703168869019,0.9999701976776123,0.009434808976948261,0.009447331540286541
2,0.9999857544898987,0.9999703168869019,0.9999701976776123,0.009182662703096867,0.00926426611840725
2,0.9997750520706177,0.9999668002128601,0.9999665021896362,0.010116536170244217,0.010183303616940975
2,0.999997615814209,0.9999944567680359,0.9999939799308777,0.0033850055187940598,0.003478091675788164
3,0.9999880790710449,0.9999905824661255,0.9999905228614807,0.004355883225798607,0.0043850005604326725
1,0.9999998807907104,0.9999993443489075,0.9999993443489075,0.0011958834948018193,0.0012610616395249963
2,0.9999991059303284,0.9999967217445374,0.9999963045120239,0.002547801937907934,0.002699795411899686
2,0.9999887347221375,0.9999948740005493,0.9999950528144836,0.003253356786444783,0.0032158021349459887
3,0.9999908208847046,0.9999812245368958,0.9999809265136719,0.006286610383540392,0.006297828163951635
2,0.9999959468841553,0.9999783039093018,0.9999767541885376,0.00659797340631485,0.006833337247371674
3,0.9999825954437256,0.9999761581420898,0.9999743700027466,0.00691876420751214,0.0071654897183179855
1,0.9999999403953552,0.9999791383743286,0.9999774694442749,0.006484081968665123,0.006707587279379368
2,0.9999876022338867,0.9999772310256958,0.9999750852584839,0.006749880500137806,0.007043106481432915
1,1.0000001192092896,0.9999974966049194,0.9999973773956299,0.0023359451442956924,0.0023754604626446962
2,0.9999991059303284,0.9999974966049194,0.9999971389770508,0.0022551033180207014,0.002350041177123785
1,1.0,0.9999994039535522,0.9999992251396179,0.001102629816159606,0.0012044936884194613
1,1.0,0.9999980926513672,0.999997615814209,0.0019288929179310799,0.0021516273263841867
1,1.0,0.9999905824661255,0.9999899864196777,0.004342016763985157,0.004511546343564987
2,0.9999884963035583,0.9999969005584717,0.9999966025352478,0.005210509058088064,0.005324384663254023
2,0.9999969601631165,0.9999967813491821,0.999996542930603,0.004432165063917637,0.004506988450884819
1,1.0,0.9999951124191284,0.9999949336051941,0.004704486113041639,0.004755484405905008
1,1.0000001192092896,0.9999969005584717,0.9999966621398926,0.005063140299171209,0.005144678056240082
2,0.9999929666519165,0.9999985098838806,0.9999982118606567,0.002077070064842701,0.0021025987807661295
1,1.0000001192092896,0.9999974370002747,0.9999972581863403,0.0023599355481565,0.002460289979353547
1,1.0,0.9999992251396179,0.9999989867210388,0.0013578544603660703,0.0014353066217154264
1,1.0,0.9999997019767761,0.9999994039535522,0.0011555447708815336,0.0011995219392701983
3,0.9999460577964783,0.9999963641166687,0.9999949932098389,0.0026743717025965452,0.003142413217574358
1,1.0,0.9999991655349731,0.9999991655349731,0.0012406616006046534,0.0013191570760682225
2,0.9999868273735046,0.9999970197677612,0.9999961853027344,0.002466002944856882,0.002834636950865388
3,0.9998707175254822,0.9999896883964539,0.999988317489624,0.00566704198718071,0.005914483219385147
2,0.99982750415802,0.9999902248382568,0.9999897480010986,0.005191886331886053,0.005264850798994303
1,0.9999999403953552,0.9999963045120239,0.9999961853027344,0.003479981329292059,0.003498682752251625
2,0.999887228012085,0.9999772906303406,0.9999770522117615,0.006864044815301895,0.006880417000502348
1,0.9999998211860657,0.9999967813491821,0.9999964237213135,0.0025478340685367584,0.0027164120692759752
1,1.0,0.9999779462814331,0.9999772310256958,0.006710723042488098,0.00678463838994503
1,0.9999999403953552,0.9999974966049194,0.999997615814209,0.002253151498734951,0.0022077627945691347
1,0.9999998807907104,0.9999961256980896,0.9999958872795105,0.0037225116975605488,0.0038170628249645233
1,0.9999999403953552,0.999999463558197,0.9999991655349731,0.0011328310938552022,0.0012634327867999673
1,1.0,0.9999935626983643,0.9999934434890747,0.003746035508811474,0.003785142209380865
1,0.9999998211860657,0.999998152256012,0.9999980330467224,0.0026871319860219955,0.002719427924603224
1,1.0,0.9999948143959045,0.9999942779541016,0.0034603564999997616,0.0036510007921606302
1,1.0000001192092896,0.9999998807907104,1.0,0.0003509988309815526,0.00036616181023418903
2,0.9999995827674866,0.9999998211860657,0.9999998211860657,0.000600153929553926,0.0006013882230035961
1,0.9999998807907104,0.9994961023330688,0.9994937777519226,0.04519001021981239,0.04510100558400154
2,0.9980527758598328,0.9994809627532959,0.999485433101654,0.04545816779136658,0.0451633483171463
1,0.9999998807907104,0.9999986886978149,0.9999985694885254,0.001810587476938963,0.00190254976041615
1,0.9999999403953552,0.9999880790710449,0.9999878406524658,0.005399054381996393,0.005448454525321722
1,1.0,0.9999977946281433,0.9999974966049194,0.0021673403680324554,0.0022529871203005314
1,1.0,0.9999986886978149,0.9999985694885254,0.0016254085348919034,0.0016382988542318344
1,1.000000238418579,0.9999986886978149,0.9999982118606567,0.0017069869209080935,0.0018823506543412805
1,0.9999998807907104,0.9999760985374451,0.9999718070030212,0.008094007149338722,0.008852231316268444
1,1.0,0.9999974966049194,0.9999974370002747,0.00221339357085526,0.0022711248602718115
1,0.9999999403953552,0.9999997615814209,0.9999997019767761,0.0008677879231981933,0.0008501482661813498
1,0.9999999403953552,0.9999977350234985,0.9999975562095642,0.0022461647167801857,0.002286020666360855
1,1.0000001192092896,0.9999992251396179,0.999998927116394,0.0014180515427142382,0.0015805457951501012
1,1.0,0.9999991655349731,0.9999986886978149,0.001616471796296537,0.002045681234449148
1,1.0,0.999998927116394,0.9999986886978149,0.0016419138992205262,0.001717177452519536
1,1.0,0.9999946355819702,0.9999942183494568,0.0032439748756587505,0.003374061780050397
2,0.9999884366989136,0.9999900460243225,0.9999898672103882,0.004494260530918837,0.004526968114078045
1,1.0,0.9999977350234985,0.9999976754188538,0.0021939347498118877,0.0022927620448172092
1,1.0,0.9999985098838806,0.9999988079071045,0.0019879911560565233,0.0020175380632281303
1,1.0,0.9999985098838806,0.9999984502792358,0.0018131871474906802,0.0019278330728411674
1,1.0,0.9999986290931702,0.9999983310699463,0.001584247569553554,0.0018028540071099997
1,1.0,0.9999987483024597,0.9999985098838806,0.0016315840184688568,0.0017252200050279498
1,1.0000001192092896,0.9999911189079285,0.9999908804893494,0.004484607372432947,0.0045205759815871716
1,1.0000001192092896,0.999950647354126,0.9999514818191528,0.01630985364317894,0.016114307567477226
1,0.9999998807907104,0.9999886751174927,0.999987781047821,0.004905008710920811,0.00511206965893507
1,1.0,0.999997079372406,0.9999969005584717,0.0024735622573643923,0.002550280187278986
1,1.0,0.999995231628418,0.9999950528144836,0.0031292110215872526,0.0031839257571846247
2,0.9999911189079285,0.9999821186065674,0.9999814033508301,0.006039245054125786,0.006139201112091541
1,0.9999998807907104,0.9999921321868896,0.9999918937683105,0.004040705971419811,0.004090745467692614
1,0.9999999403953552,0.9999980330467224,0.9999979734420776,0.0019746434409171343,0.0019998541101813316
1,1.0,0.999998927116394,0.9999991059303284,0.001705087604932487,0.0016520817298442125
1,0.9999999403953552,0.9999991059303284,0.999998927116394,0.001439689309336245,0.0014704233035445213
1,1.0,0.9999982118606567,0.9999980330467224,0.0018755935598164797,0.001976539846509695
1,1.0,0.9999980330467224,0.9999979138374329,0.0029512946493923664,0.003076908877119422
1,0.9999998807907104,0.9999983310699463,0.9999979734420776,0.0019803261384367943,0.002113806549459696
1,1.0000001192092896,0.9999946355819702,0.9999942183494568,0.003311019390821457,0.003467633854597807
1,1.0,0.9999992847442627,0.9999994039535522,0.0019582081586122513,0.002054553711786866
1,1.0,0.9999986886978149,0.9999985694885254,0.0017055083299055696,0.001739698345772922
1,1.000000238418579,0.9999983310699463,0.9999983906745911,0.0018378142267465591,0.0018715659389272332
1,0.9999998807907104,0.9999821186065674,0.9999819397926331,0.006001020781695843,0.0060439519584178925
1,1.0000001192092896,0.9999985694885254,0.9999985694885254,0.0018113176338374615,0.0018854070222005248
1,1.0,0.9999983906745911,0.9999978542327881,0.0018821838311851025,0.002160793635994196
1,0.9999999403953552,0.9999961256980896,0.9999961853027344,0.002813654253259301,0.0028532021678984165
1,0.9999999403953552,0.9999994039535522,0.9999994039535522,0.0010461951605975628,0.0011512700002640486
1,1.0000001192092896,0.9999995827674866,0.9999997019767761,0.0008254788699559867,0.0009273821488022804
1,1.0,0.9999989867210388,0.999998927116394,0.0016031286213546991,0.0016445922665297985
1,0.9999998211860657,0.9999978542327881,0.9999957084655762,0.0033666547387838364,0.00464640511199832
1,0.9999999403953552,0.9999878406524658,0.9999867677688599,0.005011979024857283,0.005197285208851099
1,1.0000001192092896,0.9999993443489075,0.9999993443489075,0.001125218579545617,0.0012778521049767733
1,1.0,0.9999991059303284,0.9999986886978149,0.0014940582914277911,0.0017751724226400256
1,0.9999998807907104,0.9999973773956299,0.9999967217445374,0.0029476459603756666,0.002900542691349983
1,0.9999998807907104,0.9999980330467224,0.9999978542327881,0.0020563346333801746,0.0021207339596003294
1,1.0,0.9999984502792358,0.9999983310699463,0.002236786065623164,0.0023044999688863754
2,0.9994025230407715,0.9999962449073792,0.9999960660934448,0.004268455319106579,0.004817758686840534
1,0.9999999403953552,0.9999985098838806,0.9999985098838806,0.003449782030656934,0.0038788989186286926
1,1.0,0.9999966621398926,0.999996542930603,0.002610707189887762,0.0026526893489062786
1,1.0,0.9999972581863403,0.9999970197677612,0.002377675147727132,0.0024625512305647135
1,1.0000001192092896,0.9999948143959045,0.9999947547912598,0.00373658025637269,0.003849268890917301
1,1.0,0.9999979734420776,0.9999974966049194,0.0022734650410711765,0.002560899592936039
1,1.0,0.9999982118606567,0.999998152256012,0.0019173079635947943,0.0020190596114844084
2,0.9999971985816956,0.9999995827674866,0.9999990463256836,0.0009176580351777375,0.0014086439041420817
1,0.9999999403953552,0.9999987483024597,0.9999982714653015,0.0017134185181930661,0.002044578082859516
1,0.9999998807907104,0.9999985694885254,0.9999984502792358,0.0022522069048136473,0.002339940518140793
1,0.9999999403953552,0.9999954700469971,0.9999954104423523,0.0031181839294731617,0.0031341218855232
1,1.0,0.9999731779098511,0.9999724626541138,0.007488418836146593,0.007593771908432245
1,1.0000001192092896,0.9999979734420776,0.9999980330467224,0.002825928619131446,0.002823429647833109
1,1.0,0.999999463558197,0.9999992251396179,0.0010705627501010895,0.001256155432201922
1,0.9999999403953552,0.999998927116394,0.9999986886978149,0.0015430799685418606,0.0016362679889425635
1,1.0,0.9999977350234985,0.9999978542327881,0.0021525283809751272,0.0022217065561562777
2,0.9999145865440369,0.9999980330467224,0.999997615814209,0.0020379347261041403,0.002163463272154331
1,0.9999999403953552,0.9999982118606567,0.9999980926513672,0.0018995307618752122,0.001979983178898692
1,0.9999998807907104,0.9999988079071045,0.9999986886978149,0.0018110362580046058,0.0019412514520809054
1,1.0000001192092896,0.9999988079071045,0.9999987483024597,0.0016730313654989004,0.001707735937088728
2,0.9999798536300659,0.9999921321868896,0.9999921321868896,0.004300376400351524,0.00435550045222044
1,1.0000001192092896,0.9999997019767761,0.9999998807907104,0.0007098789210431278,0.000725257268641144
1,0.9999999403953552,0.9999968409538269,0.9999967813491821,0.0028793395031243563,0.0029284057673066854
1,1.0,0.9999974370002747,0.9999973177909851,0.002420637523755431,0.0025279433466494083
1,1.0000001192092896,0.9999979734420776,0.999997615814209,0.0021222648210823536,0.002235010266304016
1,0.9999999403953552,0.9999985694885254,0.9999986290931702,0.001704628812149167,0.001707084709778428
1,1.0000001192092896,0.9999991655349731,0.9999990463256836,0.0013705746969208121,0.0014563723234459758
1,1.0,0.9999978542327881,0.9999976754188538,0.0020427131094038486,0.002206610282883048
2,0.9999940991401672,0.999994695186615,0.9999935626983643,0.0034599106293171644,0.0038306796923279762
1,1.0000001192092896,0.9999997019767761,0.9999996423721313,0.0009213676094077528,0.0009576076408848166
1,0.9999999403953552,0.9999987483024597,0.9999972581863403,0.0015982657205313444,0.0023926158901304007
1,0.9999999403953552,0.9999979734420776,0.9999979138374329,0.0020115964580327272,0.0020492831245064735
2,0.9996552467346191,0.999923825263977,0.9999240040779114,0.012342028319835663,0.012336401268839836
1,0.9999998807907104,0.9999996423721313,0.9999993443489075,0.0011433903127908707,0.0013098808703944087
1,0.9999997615814209,0.9999982118606567,0.9999979734420776,0.0023251387756317854,0.002520051784813404
1,1.0,0.9999998211860657,0.9999998211860657,0.0008139289566315711,0.0008933122153393924
2,0.9999975562095642,0.9999972581863403,0.9999971985816956,0.0024515618570148945,0.0025412780232727528
1,0.9999999403953552,0.9999894499778748,0.9999894499778748,0.007552805356681347,0.007607210893183947
1,1.0000001192092896,0.9999993443489075,0.9999992847442627,0.0011767534306272864,0.0012223751982674003
1,1.0,0.9999942183494568,0.999994158744812,0.0037850062362849712,0.0039010026957839727
1,1.0000001192092896,0.9999781847000122,0.9999740123748779,0.006606987677514553,0.007215246092528105
1,1.0,0.9999945759773254,0.9999938011169434,0.0033517812844365835,0.003574185771867633
1,1.0,0.9999986290931702,0.9999985098838806,0.0017160640563815832,0.0017350568668916821
1,1.0,0.9999968409538269,0.9999964833259583,0.0027014922816306353,0.002743285847827792
1,1.0,0.9999969005584717,0.9999966621398926,0.0030600321479141712,0.0031523751094937325
1,1.0000001192092896,0.9999964833259583,0.9999963045120239,0.0026969467289745808,0.0027495732065290213
1,1.0000001192092896,0.9999990463256836,0.9999986886978149,0.0016070157289505005,0.0017669510561972857
1,1.0,0.9999982714653015,0.9999977350234985,0.0019546302501112223,0.0022218183148652315
1,0.9999998807907104,0.9999937415122986,0.9999933838844299,0.004990747198462486,0.005001946818083525
1,1.0000001192092896,0.9999915361404419,0.9999911785125732,0.0040987031534314156,0.004206717014312744
1,1.0000001192092896,0.9999938011169434,0.9999935030937195,0.004050984978675842,0.004164073616266251
1,1.0,0.9999977946281433,0.999997615814209,0.002199779963120818,0.0022676954977214336
1,1.0000001192092896,0.9999982714653015,0.9999980330467224,0.0018828955944627523,0.0019562712404876947
1,0.9999999403953552,0.9999982118606567,0.9999979138374329,0.002059941878542304,0.0021164752542972565
1,1.0,0.9999990463256836,0.9999989867210388,0.0013736574910581112,0.001446455717086792
1,1.0,0.9999980926513672,0.9999983310699463,0.002183761680498719,0.0020245190244168043
1,0.9999998807907104,0.9999978542327881,0.999997615814209,0.0021356770303100348,0.0022530006244778633
1,1.0000001192092896,0.9999974370002747,0.9999971985816956,0.0024046674370765686,0.002481263829395175
1,1.0,0.9999996423721313,0.9999997615814209,0.0008509174222126603,0.0008558019180782139
1,1.0,0.999996542930603,0.9999956488609314,0.0034975907765328884,0.003863314166665077
2,0.9999997615814209,0.999999463558197,0.9999995827674866,0.0009005918982438743,0.0009823181899264455
1,1.0,0.9999997019767761,0.9999997615814209,0.0008760910131968558,0.0009234879980795085
1,1.0,0.9999992847442627,0.9999992847442627,0.0011632726527750492,0.0011756367748603225
1,1.0000001192092896,0.9999990463256836,0.999998927116394,0.0017636619741097093,0.0017738210735842586
1,0.9999998807907104,0.9999985694885254,0.9999986886978149,0.0017709439853206277,0.001878491137176752
1,1.0000001192092896,0.9999968409538269,0.9999964833259583,0.0024405838921666145,0.0026347318198531866
1,0.9999999403953552,0.9999966621398926,0.9999951124191284,0.0027862489223480225,0.0032877521589398384
1,1.0000001192092896,0.9999980926513672,0.9999977350234985,0.0020535485818982124,0.0021723145619034767
1,0.9999998807907104,0.9999980926513672,0.9999979734420776,0.0019706697203218937,0.002006121212616563
1,0.9999999403953552,0.9999992847442627,0.9999991655349731,0.001225742045789957,0.0014484896091744304
1,0.9999998211860657,0.9999988675117493,0.9999986886978149,0.001640315167605877,0.0017532587517052889
1,1.0,0.9999984502792358,0.999998152256012,0.0017871669260784984,0.0019504583906382322
1,1.0000001192092896,0.9999980926513672,0.9999979734420776,0.001933461520820856,0.0019695055671036243
2,0.9999911189079285,0.9999982714653015,0.9999980330467224,0.002295328537002206,0.002382455626502633
1,1.0000001192092896,0.9999996423721313,0.999999463558197,0.00117162533570081,0.001222529448568821
1,0.9999998807907104,0.9999998211860657,0.9999997019767761,0.0006502294563688338,0.0006904162000864744
1,1.0,0.9999963045120239,0.9999960660934448,0.002707482548430562,0.002766103483736515
1,1.0,0.9999975562095642,0.9999967217445374,0.002206888049840927,0.002621239051222801
1,1.0,0.9999989867210388,0.9999988079071045,0.0015286608831956983,0.0016126512782648206
1,1.0000001192092896,0.9999976754188538,0.9999975562095642,0.0025619983207434416,0.0027735596522688866
1,0.9999999403953552,0.9999998211860657,0.9999997019767761,0.0008279600879177451,0.0010752748930826783
1,0.9999998807907104,0.9999989867210388,0.9999988079071045,0.0017139998963102698,0.00178253382910043
1,1.0,0.9999986886978149,0.9999983906745911,0.0016886955127120018,0.001836508046835661
1,0.9999998807907104,0.9999991655349731,0.9999990463256836,0.0013846538495272398,0.001498701749369502
1,1.0000001192092896,0.9999983906745911,0.9999980926513672,0.002218232024461031,0.002207717625424266
1,1.0,0.9999992251396179,0.9999992251396179,0.0013805754715576768,0.00142382038757205
1,1.0000001192092896,0.9999983906745911,0.9999979734420776,0.0018674663733690977,0.0020292203407734632
1,1.0000001192092896,0.9999990463256836,0.9999988675117493,0.0014570095809176564,0.0014262511394917965
1,1.0,0.9999991655349731,0.9999991059303284,0.0013912311987951398,0.0014574539382010698
1,0.9999999403953552,0.9999990463256836,0.9999989867210388,0.0015274126781150699,0.0016669402830302715
1,1.0,0.9999955892562866,0.9999955296516418,0.0029719227459281683,0.0030322177335619926
1,1.0,0.9999990463256836,0.9999989867210388,0.0014742051716893911,0.0014827451668679714
1,0.9999999403953552,0.9999971985816956,0.9999973177909851,0.0023751717526465654,0.0023741833865642548
1,0.9999998807907104,0.9999957084655762,0.9999954700469971,0.003678631503134966,0.0036975927650928497
1,1.000000238418579,0.9999988079071045,0.9999988079071045,0.0020022913813591003,0.002024843357503414
1,1.0000001192092896,0.9999977350234985,0.9999971389770508,0.0021571964025497437,0.002388139022514224
1,1.0000001192092896,0.9999977350234985,0.9999969601631165,0.0028130640275776386,0.003270213957875967
1,0.9999999403953552,0.9999992251396179,0.999998152256012,0.001384597271680832,0.0030961381271481514
1,1.0,0.9999988079071045,0.9999986886978149,0.001604011980816722,0.0016900671180337667
1,1.0000001192092896,0.9999992847442627,0.9999991059303284,0.0012436425313353539,0.001406347844749689
1,1.0,0.9999983310699463,0.9999974966049194,0.0020297029986977577,0.0026818562764674425
2,0.9999812841415405,0.9999969005584717,0.9999969005584717,0.0025740491691976786,0.0026575434021651745
1,1.0,0.9999989867210388,0.9999988079071045,0.0014691478572785854,0.00155553687363863
1,1.0,0.9999984502792358,0.9999983310699463,0.0017490918980911374,0.0018519938457757235
1,0.9999998807907104,0.9999996423721313,0.999999463558197,0.0009565954678691924,0.000985216349363327
2,0.9999966621398926,0.9999946355819702,0.9999945759773254,0.003263664897531271,0.0033064198214560747
1,1.0000001192092896,0.9999956488609314,0.9999958872795105,0.002905158093199134,0.0029293405823409557
1,1.0,0.9999977350234985,0.999997615814209,0.0022117646876722574,0.0023029083386063576
1,0.9999998807907104,0.9999971985816956,0.9999970197677612,0.002266356721520424,0.0023944813292473555
2,0.9999985694885254,0.9999960660934448,0.9999958276748657,0.0028199811931699514,0.0028994325548410416
1,0.9999999403953552,0.9999995231628418,0.9999994039535522,0.0007341532036662102,0.0009917740244418383
1,1.0000001192092896,0.9999958276748657,0.9999954104423523,0.0028977887704968452,0.0030199710745364428
1,1.0000001192092896,0.9999843239784241,0.9999839663505554,0.007503195200115442,0.007476601749658585
1,0.9999998807907104,0.999987006187439,0.9999810457229614,0.005091479979455471,0.006174473091959953
1,1.0,0.9999960660934448,0.9999955892562866,0.003179913619533181,0.0033100598957389593
1,1.0,0.9999992251396179,0.9999984502792358,0.0019323918968439102,0.0026618686970323324
1,0.9999998807907104,0.9999690055847168,0.9999690055847168,0.007877935655415058,0.007887182757258415
1,1.0000001192092896,0.999998927116394,0.9999987483024597,0.0014412838499993086,0.0015929382061585784
1,0.9999999403953552,0.9999980926513672,0.9999977350234985,0.0021760230883955956,0.0024171159602701664
1,1.0,0.9999957084655762,0.9999955296516418,0.00295632379129529,0.0030167873483151197
2,0.9999995231628418,0.9999992847442627,0.9999991059303284,0.0011394645553082228,0.0012833100045099854
1,1.0,0.999999463558197,0.9999992847442627,0.0013232638593763113,0.0014430147130042315
1,1.0,0.9999982118606567,0.9999979138374329,0.0019079349003732204,0.002059748861938715
1,0.9999998807907104,0.9999964237213135,0.9999960064888,0.0033043622970581055,0.0032834650482982397
1,1.0,0.9999978542327881,0.9999976754188538,0.0020908478181809187,0.0021770508028566837
1,1.0000001192092896,0.999999463558197,0.9999994039535522,0.001081105787307024,0.0011208036448806524
1,1.0,0.9999955892562866,0.9999953508377075,0.003519798628985882,0.0036153201945126057
1,1.0000001192092896,0.9999952912330627,0.9999954700469971,0.003508009249344468,0.0035036795306950808
1,0.9999999403953552,0.9997181296348572,0.999715268611908,0.024804290384054184,0.02492806687951088
1,1.0,0.9999951124191284,0.9999943971633911,0.003164897672832012,0.0033828220330178738
1,0.9999999403953552,0.999997079372406,0.9999969005584717,0.002550578210502863,0.0026453249156475067
1,1.0,0.9999998807907104,0.9999998211860657,0.0010991368908435106,0.0012019795831292868
1,1.0000001192092896,0.9999995231628418,0.9999995231628418,0.0012599419569596648,0.001209244946949184
2,0.999997079372406,0.9999988675117493,0.9999986886978149,0.0014505729777738452,0.0015815127408131957
1,1.0,0.9999985694885254,0.9999984502792358,0.0015613381983712316,0.0017148434417322278
1,1.0000001192092896,0.999994158744812,0.9999934434890747,0.003506544977426529,0.0036737467162311077
1,1.0,0.9999979734420776,0.9999979734420776,0.0022333802189677954,0.0023044825065881014
1,1.0000001192092896,0.999995768070221,0.9999956488609314,0.0030055588576942682,0.0030558155849575996
1,0.9999997615814209,0.9999997615814209,0.9999997615814209,0.0007234654622152448,0.0007835989235900342
1,0.9999998211860657,0.9999555349349976,0.9999532103538513,0.010897764004766941,0.01094391942024231
1,1.0,0.9999983906745911,0.999998152256012,0.0022369578946381807,0.0024312245659530163
1,1.0000001192092896,0.9999988675117493,0.9999986886978149,0.0018662275979295373,0.001868824358098209
1,1.0,0.9999973773956299,0.9999971985816956,0.002553280210122466,0.0026205070316791534
1,0.9999999403953552,0.9999993443489075,0.9999992847442627,0.001205513603053987,0.0013605470303446054
1,1.0000001192092896,0.999995231628418,0.9999949336051941,0.003524888539686799,0.0035648259799927473
1,1.0,0.9999961853027344,0.9999957084655762,0.002789101330563426,0.00291232205927372
1,1.0000001192092896,0.9999983310699463,0.999998152256012,0.002382684964686632,0.002469743136316538
1,0.9999998807907104,0.9999989867210388,0.9999987483024597,0.0014022684190422297,0.0015713805332779884
1,1.0000001192092896,0.9999977350234985,0.9999976754188538,0.002126045525074005,0.0022005997598171234
1,1.0,0.9999992251396179,0.9999990463256836,0.0012884841999039054,0.0013721773866564035
1,1.0,0.9999997019767761,0.9999997615814209,0.0007316585397347808,0.0008109115879051387
1,0.9999999403953552,0.9999971389770508,0.9999970197677612,0.0023941718973219395,0.0025201523676514626
1,1.0,0.9999992251396179,0.9999991655349731,0.0012168906396254897,0.0013667322928085923
1,0.9999998211860657,0.999998152256012,0.9999979138374329,0.0021117934957146645,0.0021453204099088907
1,1.0,0.9999936819076538,0.9999939203262329,0.0036584590561687946,0.0036344509571790695
1,1.0000001192092896,0.9999994039535522,0.999999463558197,0.0010417125886306167,0.0011603154707700014
1,0.9999999403953552,0.9999982118606567,0.9999980330467224,0.002083989093080163,0.002111155539751053
1,1.000000238418579,0.9999975562095642,0.9999972581863403,0.0022679108660668135,0.0023550568148493767
1,1.0000001192092896,0.9999993443489075,0.9999988675117493,0.0015757569344714284,0.0018915289547294378
1,1.0,0.9999945163726807,0.9999933838844299,0.0032845560926944017,0.003749677212908864
1,1.0,0.999997615814209,0.9999972581863403,0.0022627494763582945,0.0023300352040678263
1,0.9999998807907104,0.999998152256012,0.9999979138374329,0.001917037763632834,0.0020584193989634514
1,0.9999999403953552,0.9999988079071045,0.9999984502792358,0.0017782211070880294,0.0019183866679668427
1,1.0,0.9999933242797852,0.9999935030937195,0.00447499705478549,0.004438588861376047
1,1.0,0.9999997615814209,0.9999996423721313,0.0009412987856194377,0.0010527872946113348
1,1.0,0.9999982118606567,0.9999980330467224,0.0019993591122329235,0.0021322022657841444
1,0.9999999403953552,0.9999986290931702,0.9999983906745911,0.001766369678080082,0.0018785842694342136
1,0.9999999403953552,0.9999979734420776,0.999997615814209,0.0028335172683000565,0.0029159572441130877
2,0.99995356798172,0.999996542930603,0.9999962449073792,0.0027976955752819777,0.0029095725622028112
1,0.9999998807907104,0.9999398589134216,0.999938428401947,0.012568152509629726,0.012725704349577427
1,1.0,0.999998927116394,0.9999985694885254,0.0015789428725838661,0.0017574012745171785
1,1.0,0.9999996423721313,0.9999995231628418,0.0009432912338525057,0.0011648302897810936
1,1.0000001192092896,0.9999985694885254,0.9999983906745911,0.0017103186110034585,0.0017690944951027632
1,1.0,0.9999955892562866,0.9999953508377075,0.0035080527886748314,0.0035829106345772743
1,1.0000001192092896,0.9999992251396179,0.9999992847442627,0.0017283138586208224,0.0016978831263259053
1,1.0,0.9999994039535522,0.999999463558197,0.0009315637871623039,0.0009913970716297626
1,0.9999999403953552,0.9999985694885254,0.9999983310699463,0.0017508973833173513,0.0018467442132532597
1,1.0,0.9999984502792358,0.9999979734420776,0.0019447582308202982,0.002118060365319252
1,1.0,0.999998152256012,0.9999979138374329,0.002322256797924638,0.0024398607201874256
1,0.9999998807907104,0.999997615814209,0.999997615814209,0.002254397375509143,0.002292631659656763
1,1.0,0.999997079372406,0.999997079372406,0.0025605137925595045,0.0024876967072486877
1,1.0000001192092896,0.9999980926513672,0.9999978542327881,0.0020511143375188112,0.0021799488458782434
1,0.9999999403953552,0.9999986290931702,0.9999983310699463,0.001658023102208972,0.0018752263858914375
1,0.9999999403953552,0.999998927116394,0.999998927116394,0.0017929932801052928,0.001805691746994853
1,1.0,0.9999971389770508,0.9999972581863403,0.0023972420021891594,0.0024020709097385406
1,1.0000001192092896,0.9999995231628418,0.9999991655349731,0.0011140238493680954,0.001277055824175477
1,1.0,0.9999966621398926,0.9999966621398926,0.002893320517614484,0.00291884015314281
1,1.0000001192092896,0.9999970197677612,0.9999969601631165,0.0024342923425137997,0.002439741278067231
1,1.0,0.9999643564224243,0.999963641166687,0.008644689805805683,0.008736906573176384
1,0.9999998807907104,0.9999991655349731,0.9999989867210388,0.0014130872441455722,0.0014700806932523847
1,1.0,0.9999905824661255,0.999989926815033,0.005124859977513552,0.005241724196821451
1,1.0,0.9999996423721313,0.9999995231628418,0.0009145436924882233,0.0011131123173981905
1,0.9999998807907104,0.9999994039535522,0.9999991655349731,0.0013058793265372515,0.0013423874042928219
1,1.0,0.9999790787696838,0.9999783635139465,0.007036745548248291,0.007242987863719463
2,0.9999947547912598,0.9999945759773254,0.9999943971633911,0.0034611744340509176,0.0035098663065582514
1,0.9999998807907104,0.9999946355819702,0.9999947547912598,0.00323082716204226,0.0032197427935898304
1,0.9999998807907104,0.9999886751174927,0.9999879598617554,0.004754123277962208,0.004920434672385454
2,0.9999916553497314,0.9999764561653137,0.99997478723526,0.006857048254460096,0.007105217315256596
1,0.9999998807907104,0.9999788999557495,0.9999781847000122,0.007241441402584314,0.007342024240642786
1,0.9999999403953552,0.9999955296516418,0.9999954104423523,0.0030849601607769728,0.003234921721741557
1,1.0,0.9999982118606567,0.9999982118606567,0.0023380033671855927,0.0023808337282389402
2,0.9999889135360718,0.9999971389770508,0.9999961853027344,0.0026331227272748947,0.0030848030000925064
1,0.9999999403953552,0.9999992847442627,0.9999992251396179,0.0011279189493507147,0.0013524428941309452
1,1.0,0.9999983906745911,0.9999983906745911,0.0020868803840130568,0.0020016718190163374
1,0.9999999403953552,0.9999985694885254,0.9999983310699463,0.0017392884474247694,0.0018356703221797943
2,0.9999730587005615,0.9999958872795105,0.999995768070221,0.003327942220494151,0.0032541188411414623
1,1.0,0.9999992251396179,0.9999990463256836,0.0013476019958034158,0.001471279887482524
3,0.9999842643737793,0.9999982714653015,0.9999979734420776,0.0018660611240193248,0.0020353179425001144
3,0.9999945163726807,0.9999983310699463,0.9999978542327881,0.0017952113412320614,0.002054335083812475
2,0.9999983310699463,0.9999987483024597,0.9999983906745911,0.0015832337085157633,0.0017659900477156043
2,0.9999978542327881,0.9999992847442627,0.9999991655349731,0.0011824796674773097,0.0012429346097633243
2,0.9999990463256836,0.9999980926513672,0.9999976754188538,0.001897642738185823,0.0022372244857251644
1,0.9999999403953552,0.9999995231628418,0.9999996423721313,0.0009808671893551946,0.0010720189893618226
1,1.0,0.9999992847442627,0.9999990463256836,0.0012117178412154317,0.001446140231564641
2,0.9999986886978149,0.999995231628418,0.999994695186615,0.003407520242035389,0.0035696057602763176
1,0.9999999403953552,0.9999997019767761,0.9999994039535522,0.0009969838429242373,0.0011545027373358607
1,0.9999999403953552,0.9999991059303284,0.9999990463256836,0.0012565412325784564,0.0014232451794669032
1,1.0,0.9999808073043823,0.9999808073043823,0.009140524081885815,0.009077562019228935
2,0.9999539256095886,0.9999910593032837,0.999988853931427,0.004325050860643387,0.004798993933945894
1,0.9999999403953552,0.9999985694885254,0.9999982118606567,0.001707053161226213,0.0019724410958588123
1,0.9999999403953552,0.9999990463256836,0.9999988675117493,0.0018733413890004158,0.0018439720151945949
1,0.9999999403953552,0.9999984502792358,0.9999978542327881,0.001794166280888021,0.002047438407316804
1,1.0,0.9999996423721313,0.9999995231628418,0.0009144195937551558,0.001066903816536069
1,1.0,0.9999992251396179,0.9999991059303284,0.0015294967452064157,0.0015546197537332773
1,0.9999999403953552,0.9999936819076538,0.9999929666519165,0.003917335998266935,0.004003745969384909
2,0.9999951720237732,0.999997615814209,0.9999966621398926,0.0022644794080406427,0.002644120017066598
1,1.0,0.9999999403953552,0.9999996423721313,0.0006007354822941124,0.0008843676187098026
2,0.9999932646751404,0.9999909400939941,0.9999902844429016,0.00432212557643652,0.004461826756596565
1,1.0,0.999991238117218,0.9999908804893494,0.0042001777328550816,0.004289559088647366
1,0.9999998211860657,0.9999992847442627,0.9999992847442627,0.0012915596598759294,0.0013555880868807435
1,1.0,0.9999936819076538,0.9999932050704956,0.0039426228031516075,0.00412367656826973
1,1.0,0.9999993443489075,0.9999992251396179,0.0011528250761330128,0.0012538647279143333
1,0.9999998211860657,0.9999998211860657,0.9999997615814209,0.0007983698160387576,0.0008208710933104157
1,0.9999999403953552,0.9999983310699463,0.9999980926513672,0.0018116272985935211,0.0019123845268040895
2,0.9999916553497314,0.9999942779541016,0.9999933242797852,0.003823530627414584,0.004061177838593721
1,1.0000001192092896,0.9999950528144836,0.999994158744812,0.0035123436246067286,0.0037413518875837326
1,1.0000001192092896,0.9999921321868896,0.9999919533729553,0.004304698668420315,0.004372596740722656
1,1.0000001192092896,0.9999996423721313,0.9999993443489075,0.0009608795517124236,0.001154102967120707
1,1.0000001192092896,0.9999998807907104,0.9999997615814209,0.001054291264154017,0.001335844281129539
1,1.0000001192092896,0.9999994039535522,0.9999992847442627,0.0014505977742373943,0.0016091279685497284
1,1.000000238418579,0.9999957084655762,0.9999957084655762,0.003003400284796953,0.003045084420591593
1,1.0,0.9999959468841553,0.9999958872795105,0.002867632545530796,0.00288965180516243
2,0.9999654293060303,0.9999961853027344,0.9999962449073792,0.003003155579790473,0.0029547398444265127
1,1.0,0.9999992251396179,0.999999463558197,0.001510453294031322,0.0014447052963078022
1,1.0000001192092896,0.999999463558197,0.9999994039535522,0.0008679901366122067,0.0010682898573577404
2,0.9999929070472717,0.9999974370002747,0.9999969005584717,0.002445847261697054,0.002632324118167162
2,0.9999976754188538,0.9999983310699463,0.9999978542327881,0.0019989083521068096,0.0022201407700777054
1,1.0000001192092896,0.9999995231628418,0.9999992847442627,0.001073602819815278,0.0012485466431826353
1,1.0,0.9999990463256836,0.9999988079071045,0.0016516792820766568,0.0017946050502359867
2,0.999995768070221,0.9999975562095642,0.9999973177909851,0.002312770113348961,0.002346612513065338
1,1.0,0.9999998211860657,0.9999995827674866,0.0007711848593316972,0.0008690820541232824
3,0.9999940395355225,0.9999977350234985,0.9999977946281433,0.002180397277697921,0.002210442442446947
1,1.0,0.9999955892562866,0.9999955892562866,0.003272838657721877,0.003308568848297
1,0.9999997615814209,0.9999997019767761,0.999999463558197,0.0006841190624982119,0.0008132164366543293
1,1.0000001192092896,0.9999977350234985,0.9999973773956299,0.002223169431090355,0.0023763743229210377
1,0.9999999403953552,0.9999961853027344,0.9999960660934448,0.0031241311226040125,0.003306430298835039
1,1.0000001192092896,0.9999982118606567,0.9999980926513672,0.0018760819220915437,0.001963675720617175
1,1.0,0.9999954700469971,0.9999948740005493,0.003183396067470312,0.0034268219023942947
1,1.0,0.9999992847442627,0.9999992847442627,0.0012611387064680457,0.0012463026214390993
1,0.9999998807907104,0.9999964833259583,0.999996542930603,0.0027580461464822292,0.0027762094978243113
1,1.0,0.999997615814209,0.9999974966049194,0.0022358596324920654,0.0023075840435922146
1,0.9999998807907104,0.9999903440475464,0.9999889731407166,0.004375105258077383,0.004716719966381788
1,1.0000001192092896,0.9999791383743286,0.999975860118866,0.009315644390881062,0.01006558071821928
2,0.9721025228500366,0.9990407228469849,0.9990403056144714,0.08575788885354996,0.08570930361747742
2,0.999962568283081,0.999997615814209,0.9999972581863403,0.00223466451279819,0.0023417624179273844
1,1.0000001192092896,0.9999995231628418,0.9999994039535522,0.0010215489892289042,0.0010606563882902265
1,0.9999998807907104,0.9999990463256836,0.9999990463256836,0.0013377611758187413,0.0013558120699599385
2,0.9999846816062927,0.9999974966049194,0.9999972581863403,0.002563193440437317,0.002809189260005951
1,0.9999998807907104,0.9999977350234985,0.9999971985816956,0.002613786607980728,0.0028456097934395075
1,1.0,0.9999755024909973,0.9999750852584839,0.007762340363115072,0.007814742624759674
1,1.0000001192092896,0.9999979734420776,0.9999977350234985,0.0020168512128293514,0.002139840740710497
1,1.0000001192092896,0.9999980926513672,0.9999976754188538,0.002032277639955282,0.0022698796819895506
2,0.9999946355819702,0.9999959468841553,0.9999959468841553,0.0029732442926615477,0.003000696888193488
1,1.0,0.9999973773956299,0.9999972581863403,0.002386851469054818,0.0024638965260237455
1,0.9999999403953552,0.9999889731407166,0.9999887943267822,0.004756147041916847,0.004791657440364361
1,1.0000001192092896,0.9999958276748657,0.9999956488609314,0.0036229537799954414,0.003659376408904791
1,0.9999998211860657,0.9999770522117615,0.9999768733978271,0.006796780973672867,0.00684095174074173
1,1.0,0.9999925494194031,0.999991238117218,0.004527358803898096,0.005016205366700888
1,0.9999999403953552,0.9999994039535522,0.999998927116394,0.0013336444972082973,0.0015917427372187376
1,1.0,0.9999972581863403,0.9999967217445374,0.0023122429847717285,0.0025677653029561043
1,0.9999998807907104,0.999996542930603,0.9999960660934448,0.0029478573706001043,0.003154608653858304
2,0.9995732307434082,0.9999958276748657,0.9999938607215881,0.0032953419722616673,0.00409148121252656
1,1.0000001192092896,0.9999960064888,0.9999942779541016,0.003645750228315592,0.004307727329432964
1,1.0,0.9999991059303284,0.999998927116394,0.0013128897408023477,0.0014584214659407735
1,1.0,0.9999997615814209,0.9999997019767761,0.0006481905002146959,0.000688001571688801
1,0.9999999403953552,0.9999996423721313,0.999999463558197,0.0010208060266450047,0.0011019381927326322
1,0.9999998807907104,0.999995231628418,0.9999947547912598,0.0031022517941892147,0.0032218494452536106
2,0.9999918937683105,0.9999949336051941,0.9999943971633911,0.003168022260069847,0.0033297871705144644
1,1.0,0.999994695186615,0.9999945163726807,0.0032818701583892107,0.0034011630341410637
1,0.9999999403953552,0.999994158744812,0.9999935626983643,0.003439508844166994,0.0036434256471693516
1,1.0,0.9999983310699463,0.9999980330467224,0.00190377002581954,0.001968872733414173
1,0.9999998807907104,0.9999880194664001,0.9999861717224121,0.005627944599837065,0.006037202198058367
1,0.9999999403953552,0.9999996423721313,0.9999995231628418,0.0009825919987633824,0.0011162906885147095
1,1.0000001192092896,0.9999989867210388,0.9999989867210388,0.0014253570698201656,0.00151907280087471
1,1.0,0.9999961853027344,0.9999960064888,0.003152417251840234,0.0031400814186781645
1,0.9999999403953552,0.9999985098838806,0.9999985694885254,0.0020439988002181053,0.002150067361071706
1,1.0,0.9999927282333374,0.9999926090240479,0.003796494798734784,0.003816077020019293
1,1.0000001192092896,0.9999995827674866,0.9999994039535522,0.0010654798243194818,0.001315769273787737
1,1.0,0.9999964833259583,0.9999963641166687,0.0032070523593574762,0.0032831670250743628
1,1.0,0.9999954104423523,0.9999951124191284,0.003153008408844471,0.003336438676342368
1,0.9999998807907104,0.9999991655349731,0.9999990463256836,0.0013855729484930634,0.0014101353008300066
1,1.0000001192092896,0.9999998807907104,1.0,0.0003318091912660748,0.00043129586265422404
2,0.9999953508377075,0.999998927116394,0.999998927116394,0.0014407344860956073,0.0015417992835864425
2,0.999930739402771,0.9999985694885254,0.9999969005584717,0.001760621671564877,0.002850017976015806
2,0.9999991655349731,0.9999991059303284,0.9999984502792358,0.0013970981817692518,0.0021305959671735764
1,1.0,0.9999992251396179,0.9999983906745911,0.0013862170744687319,0.0019348141504451632
1,1.0000001192092896,0.9999994039535522,0.9999985098838806,0.0011271280236542225,0.0018331106984987855
1,0.9999999403953552,0.9999980330467224,0.9999977946281433,0.0023842479567974806,0.002452496439218521
1,1.0000001192092896,0.9999978542327881,0.9999978542327881,0.0022326987236738205,0.0023234952241182327
1,1.0,0.9999985098838806,0.9999980926513672,0.001697490573860705,0.0019372256938368082
1,1.0,0.9999992847442627,0.9999993443489075,0.0013549472205340862,0.0013701497809961438
1,1.0,0.999996542930603,0.9999959468841553,0.002864210167899728,0.0029659029096364975
1,1.0,0.9999992847442627,0.9999994039535522,0.0013194672064855695,0.0013359326403588057
1,1.0,0.9999979734420776,0.9999979138374329,0.0020083957351744175,0.0020656955894082785
1,0.9999999403953552,0.9999995827674866,0.9999995231628418,0.0007862307829782367,0.0008670483948662877
1,1.0,0.9999985694885254,0.9999983906745911,0.0016418497543781996,0.0016959923086687922
1,1.0,0.9999989867210388,0.9999980926513672,0.0014701528707519174,0.0022681518457829952
1,0.9999998211860657,0.9999987483024597,0.9999986886978149,0.0018534233095124364,0.001883018878288567
1,1.0,0.9999986886978149,0.9999985098838806,0.0017144153825938702,0.0017458791844546795
2,0.9999947547912598,0.9999984502792358,0.9999982118606567,0.0018292514141649008,0.0019358046120032668
1,1.0000001192092896,0.9999988079071045,0.9999988079071045,0.0015258095227181911,0.0015849730698391795
1,1.0,0.9999986886978149,0.9999986886978149,0.0016557903727516532,0.001685804920271039
1,1.0000001192092896,0.9999997019767761,0.9999998211860657,0.0007190385367721319,0.0007493745652027428
1,0.9999999403953552,0.9999955892562866,0.9999949932098389,0.0030130695085972548,0.0032801867928355932
1,0.9999998807907104,0.9999991655349731,0.9999990463256836,0.0011678228620439768,0.0013085270766168833
2,0.999996542930603,0.9999985694885254,0.9999980926513672,0.0019021694315597415,0.0019988256972283125
1,1.0,0.9999991655349731,0.9999990463256836,0.0013062838697806,0.0014625046169385314
1,0.9999999403953552,0.9999936819076538,0.9999929666519165,0.00400495482608676,0.0041806758381426334
1,1.0,0.9999977350234985,0.9999974966049194,0.002189521212130785,0.0023605225142091513
1,0.9999998807907104,0.9999995231628418,0.9999996423721313,0.0008324341615661979,0.0008507120655849576
1,0.9999999403953552,0.9999929666519165,0.999992311000824,0.0037990882992744446,0.003935347776859999
1,1.0000001192092896,0.9999980330467224,0.9999979734420776,0.0021755765192210674,0.0021745897829532623
1,0.9999999403953552,0.9999977350234985,0.9999979734420776,0.0025403762701898813,0.002494573127478361
1,1.0,0.9999980330467224,0.9999979734420776,0.0022916318848729134,0.002322757849469781
1,0.9999998211860657,0.9999982118606567,0.9999977946281433,0.001976314466446638,0.002323536667972803
1,0.9999998807907104,0.9999966621398926,0.9999963045120239,0.002536707790568471,0.002695971867069602
1,1.0,0.9999937415122986,0.9999932050704956,0.0037439612206071615,0.003951231949031353
1,1.0,0.9999967813491821,0.9999964833259583,0.0025566956028342247,0.0027056336402893066
1,1.0,0.9999969601631165,0.9999964833259583,0.0025070926640182734,0.002691826783120632
1,1.0000001192092896,0.9999958276748657,0.9999957084655762,0.0029733998235315084,0.003075693268328905
1,0.9999998807907104,0.9999843239784241,0.9999841451644897,0.0059439316391944885,0.00596278253942728
2,0.9999989867210388,0.9999992251396179,0.9999989867210388,0.0016753802774474025,0.0021551072131842375
1,1.0,0.9999992847442627,0.9999989867210388,0.0017013964243233204,0.00220280047506094
1,1.0000001192092896,0.9999963045120239,0.9999954700469971,0.0027369444724172354,0.003023098688572645
1,1.0,0.9999969601631165,0.9999969005584717,0.0027053062804043293,0.0026758520398288965
1,1.0,0.9999982118606567,0.9999980330467224,0.0019060855265706778,0.0019396026618778706
1,1.0,0.9999986886978149,0.9999985694885254,0.0015948996879160404,0.0016379813896492124
1,1.0,0.9999992251396179,0.9999990463256836,0.0012685788096860051,0.001322937081567943
1,1.0,0.9999971389770508,0.9999966621398926,0.0026840015780180693,0.0028574285097420216
1,1.0,0.9999983906745911,0.9999982118606567,0.0022399129811674356,0.002173050306737423
1,1.000000238418579,0.9999988079071045,0.9999985694885254,0.0015000160783529282,0.0016587809659540653
1,1.0,0.9999995231628418,0.9999995231628418,0.0009036519913934171,0.0010420099133625627
2,0.999977707862854,0.9999961256980896,0.9999960064888,0.0030105195473879576,0.003018813906237483
1,0.9999998807907104,0.9999998807907104,0.9999997615814209,0.0007587227737531066,0.0007883446523919702
1,1.0000001192092896,0.9999932050704956,0.9999929666519165,0.00381670705974102,0.0038617246318608522
1,1.0,0.9999995231628418,0.9999996423721313,0.0013750706566497684,0.0013663206482306123
1,1.0000001192092896,0.9999989867210388,0.9999987483024597,0.0015415963716804981,0.0015836735256016254
1,1.0,0.9999992251396179,0.9999991655349731,0.002447645179927349,0.002579599153250456
1,1.0,0.9999979734420776,0.9999979138374329,0.0020609283819794655,0.0020566124003380537
1,0.9999999403953552,0.9999963641166687,0.9999964237213135,0.0027229073457419872,0.002730629639700055
1,1.0,0.9999991655349731,0.9999989867210388,0.0014867590507492423,0.0016409446252509952
1,1.0000001192092896,0.9999991059303284,0.9999989867210388,0.0012990680988878012,0.001323498087003827
1,1.0,0.9999942183494568,0.9999933838844299,0.003778969869017601,0.004159657750278711
1,1.0,0.9999945163726807,0.9999939203262329,0.0036437069065868855,0.003774235025048256
1,0.9999998807907104,0.9999938011169434,0.999993622303009,0.004893743433058262,0.004959549754858017
2,0.9999990463256836,0.999993085861206,0.9999929070472717,0.005305227357894182,0.005406393203884363
1,1.0,0.999999463558197,0.999999463558197,0.0009736822685226798,0.001011801534332335
1,0.9999998807907104,0.9999954700469971,0.9999951124191284,0.0031601551454514265,0.0032360737677663565
2,0.999977707862854,0.9999914765357971,0.9999904036521912,0.004116804338991642,0.004457704722881317
1,1.0,0.9999972581863403,0.9999973773956299,0.0037194264587014914,0.003999651409685612
1,1.0,0.9999987483024597,0.9999985694885254,0.0016371894162148237,0.0016835305141285062
1,1.0000001192092896,0.9999968409538269,0.999996542930603,0.002528419950976968,0.002646320266649127
1,1.0,0.9999995231628418,0.9999991059303284,0.0010476027382537723,0.0014532256172969937
1,1.0000001192092896,0.9999979734420776,0.9999979734420776,0.002081391867250204,0.002009098418056965
2,0.9999873638153076,0.9999992847442627,0.9999991655349731,0.0014487477019429207,0.0015067914500832558
1,0.9999998211860657,0.9999986290931702,0.9999983906745911,0.0016881638439372182,0.001826513558626175
1,1.0,0.9999992251396179,0.9999990463256836,0.0014011868042871356,0.0014507927699014544
1,1.0,0.9999984502792358,0.9999980330467224,0.0017773975851014256,0.002022733213379979
1,0.9999999403953552,0.9999991655349731,0.9999992251396179,0.0012384365545585752,0.001283342600800097
1,1.0000001192092896,0.9999969005584717,0.999996542930603,0.0026515780482441187,0.00282026338391006
2,0.9995299577713013,0.999990701675415,0.9999901652336121,0.004364426713436842,0.0044745211489498615
1,0.9999998807907104,0.9999995827674866,0.9999995827674866,0.0013897973112761974,0.0013771874364465475
1,0.9999998807907104,0.9999842047691345,0.9999831318855286,0.005775722209364176,0.005946030840277672
1,0.9999999403953552,0.9999959468841553,0.9999956488609314,0.003109480021521449,0.0032320201862603426
2,0.9999902844429016,0.9999945759773254,0.9999940991401672,0.0035739794839173555,0.003684324212372303
1,1.0000001192092896,0.9999990463256836,0.9999990463256836,0.0012136830482631922,0.0013730215141549706
2,0.9999465346336365,0.9999793767929077,0.9999762177467346,0.006953645031899214,0.007519865874201059
1,0.9999999403953552,0.9999977350234985,0.9999967217445374,0.0027035600505769253,0.0032032434828579426
1,1.0000001192092896,0.9999797344207764,0.9999786615371704,0.006689650937914848,0.006838303990662098
1,1.0,0.9999980926513672,0.9999977946281433,0.0019502986688166857,0.002039075829088688
1,0.9999999403953552,0.9999986886978149,0.9999983310699463,0.0017101233825087547,0.0018984203925356269
1,0.9999998807907104,0.9999973773956299,0.9999972581863403,0.0024248480331152678,0.0024309647269546986
1,1.0,0.9999970197677612,0.9999966025352478,0.0024702309165149927,0.0026217710692435503
1,0.9999999403953552,0.9999988079071045,0.9999987483024597,0.0016770459478721023,0.001724890200421214
1,1.0,0.9999990463256836,0.9999989867210388,0.001508744666352868,0.001568340347148478
1,1.0,0.999998927116394,0.9999985694885254,0.001526517327874899,0.0017018597573041916
2,0.9999772310256958,0.9999971389770508,0.9999963641166687,0.0026881922967731953,0.002924819476902485
1,0.9999998807907104,0.9999923706054688,0.9999922513961792,0.004010631237179041,0.004004744812846184
1,0.9999999403953552,0.999997615814209,0.9999969005584717,0.00226902705617249,0.0024857937823981047
1,1.0,1.0,0.9999998807907104,0.0003062394098378718,0.0005200575687922537
1,0.9999998807907104,0.9999983310699463,0.9999979734420776,0.0024088833015412092,0.0026524397544562817
1,0.9999999403953552,0.9999964833259583,0.9999964833259583,0.0026767104864120483,0.0026500108651816845
1,1.0,0.9999987483024597,0.9999983906745911,0.0016449696850031614,0.001850983127951622
1,1.0000001192092896,0.9999987483024597,0.9999984502792358,0.001768051995895803,0.0018321756506338716
1,1.0,0.9999996423721313,0.9999995827674866,0.0008032802725210786,0.0009568835375830531
3,0.9999818205833435,0.9999986290931702,0.9999982714653015,0.0016517308540642262,0.0018276157788932323
2,0.9999613761901855,0.9999993443489075,0.9999990463256836,0.0013642065459862351,0.001546056941151619
2,0.9999967813491821,0.9999992251396179,0.9999988675117493,0.0014883816475048661,0.0016474000876769423
1,1.0,0.9999994039535522,0.9999992251396179,0.0012541246833279729,0.0013335427502170205
1,0.9999998211860657,0.9999958872795105,0.9999962449073792,0.0030838700477033854,0.0028195036575198174
1,1.0000001192092896,0.9999977350234985,0.9999974966049194,0.0020842503290623426,0.002237478271126747
1,1.0,0.9999978542327881,0.9999977946281433,0.002357455901801586,0.0024728572461754084
1,1.0000001192092896,0.9999749064445496,0.9999750852584839,0.012959234416484833,0.012894225306808949
1,0.9999999403953552,0.9999663233757019,0.9999588131904602,0.010739135555922985,0.010372157208621502
1,1.0,0.9999985098838806,0.9999985694885254,0.0018083670875057578,0.0018628473626449704
1,0.9999998807907104,0.9999974370002747,0.9999967217445374,0.002284170826897025,0.002544219372794032
1,1.0000001192092896,0.9999974966049194,0.999997079372406,0.0023586703464388847,0.0025783847086131573
1,0.9999998807907104,0.999998927116394,0.9999986290931702,0.0017500176327303052,0.0019867653027176857
1,1.0,0.9999983310699463,0.9999983310699463,0.0020440558437258005,0.002143588149920106
1,1.0,0.9999948740005493,0.9999946355819702,0.003555748611688614,0.0036528839264065027
1,1.0000001192092896,0.9999992847442627,0.9999991059303284,0.0012318972731009126,0.0012917269486933947
2,0.999951958656311,0.9999916553497314,0.9999902248382568,0.004616517573595047,0.004953400231897831
1,1.0,0.9999932050704956,0.9999924898147583,0.003867578925564885,0.004060457926243544
1,0.9999999403953552,0.9999953508377075,0.999995231628418,0.0032762831542640924,0.0033956682309508324
1,0.9999999403953552,0.9999969601631165,0.9999964833259583,0.0027903958689421415,0.0029038521461188793
1,1.0,0.9999970197677612,0.9999971389770508,0.0025335652753710747,0.002542696660384536
2,0.9999895095825195,0.9999932646751404,0.9999929666519165,0.0036813870538026094,0.0037411623634397984
1,1.0,0.9999940991401672,0.999993622303009,0.0034557958133518696,0.0035562629345804453
1,1.0,0.9999999403953552,0.9999998211860657,0.0005140878492966294,0.0005334162851795554
1,1.0000001192092896,0.9999973773956299,0.9999974370002747,0.0022624400444328785,0.0023244302719831467
1,1.0000001192092896,0.9999985098838806,0.9999980330467224,0.0021553512196987867,0.0024555481504648924
1,1.0000001192092896,0.9999969601631165,0.9999967813491821,0.0027752567548304796,0.002812822349369526
1,0.9999998211860657,0.9999982118606567,0.9999980330467224,0.002013235120102763,0.002153086243197322
1,1.0,0.9999978542327881,0.9999972581863403,0.002182175638154149,0.0024740297812968493
1,1.0,0.9999982118606567,0.9999979734420776,0.0019339739810675383,0.002111549722030759
1,0.9999999403953552,0.9999995231628418,0.9999993443489075,0.0009199950145557523,0.0011014991905540228
1,1.0,0.9999995231628418,0.9999992847442627,0.001316736452281475,0.001337540801614523
1,0.9999999403953552,0.9999995827674866,0.9999994039535522,0.0010223181452602148,0.0011420842492952943
2,0.9999978542327881,0.9999979734420776,0.9999974966049194,0.0022655336651951075,0.00272451457567513
1,1.0000001192092896,0.9999988079071045,0.9999987483024597,0.0017261879984289408,0.0017589146737009287
2,0.999958872795105,0.9999852180480957,0.9999844431877136,0.005592278204858303,0.0056520551443099976
1,1.0000001192092896,0.9999900460243225,0.99998939037323,0.00508981104940176,0.005197243299335241
1,0.9999999403953552,0.9999862313270569,0.999985933303833,0.005839785560965538,0.005888980347663164
1,1.0,0.9999973773956299,0.999997079372406,0.002420667791739106,0.002620566403493285
1,1.0,0.9999971389770508,0.9999969601631165,0.002553333528339863,0.0025856608990579844
1,0.9999999403953552,0.9999970197677612,0.9999966621398926,0.0027471294160932302,0.002935306867584586
1,0.9999999403953552,0.9999964833259583,0.9999963045120239,0.0028157541528344154,0.0027605530340224504
1,1.0,0.999999463558197,0.9999992847442627,0.001126444898545742,0.0012202811194583774
1,1.0,0.9999878406524658,0.9999873638153076,0.005118178203701973,0.00531951105222106
1,1.0,0.9999961256980896,0.9999958276748657,0.003719138680025935,0.003789002075791359
1,0.9999999403953552,0.9999966621398926,0.9999966025352478,0.0025140352081507444,0.002556831808760762
1,1.0000001192092896,0.9999975562095642,0.9999971389770508,0.003842242993414402,0.004069371614605188
1,1.0,0.9999973773956299,0.9999972581863403,0.002287644427269697,0.0023326766677200794
1,1.0000001192092896,0.9999996423721313,0.9999994039535522,0.0009986773366108537,0.001115163555368781
1,1.0000001192092896,0.9999974966049194,0.9999970197677612,0.0021972251124680042,0.0024557113647460938
1,0.9999998807907104,0.9999971389770508,0.9999969601631165,0.002449934370815754,0.002437917049974203
1,1.0,0.9999997615814209,0.9999997019767761,0.0007153323967941105,0.0007222219719551504
1,0.9999998807907104,0.9999988079071045,0.9999986886978149,0.00164936447981745,0.0017686457140371203
1,0.9999999403953552,0.9999948143959045,0.999994695186615,0.003218716708943248,0.003264776896685362
1,1.0,0.9999978542327881,0.9999977350234985,0.0020936266519129276,0.0021388649474829435
1,1.0,0.9999917149543762,0.9999914765357971,0.00454688211902976,0.004590114578604698
1,1.0,0.9999923706054688,0.9999917149543762,0.004479233641177416,0.004690992180258036
1,0.9999999403953552,0.9999971389770508,0.9999975562095642,0.002529765712097287,0.0022723881993442774
1,1.0000001192092896,0.9999995231628418,0.999999463558197,0.001118360203690827,0.0011265588691458106
1,0.9999999403953552,0.9999637007713318,0.9999620914459229,0.008720687590539455,0.008908561430871487
1,1.0000001192092896,0.9999982714653015,0.9999982118606567,0.0018761176615953445,0.0018899434944614768
1,1.0,0.9999990463256836,0.9999989867210388,0.0015501095913350582,0.0016456956509500742
2,0.999994158744812,0.9999018907546997,0.9999032020568848,0.027573738247156143,0.027249734848737717
2,0.9996068477630615,0.9995667934417725,0.9995653629302979,0.03295799717307091,0.03296581655740738
3,0.9997227191925049,0.9995676279067993,0.9995678067207336,0.032790958881378174,0.03260328248143196
1,1.0,0.9999889135360718,0.999988853931427,0.010958577506244183,0.010954870842397213
1,1.0,0.9999980926513672,0.9999979734420776,0.0028347268234938383,0.0030714015010744333
1,1.0,0.9999992847442627,0.9999991059303284,0.0014249091036617756,0.0014132414944469929
1,1.0,0.9999997615814209,0.9999996423721313,0.0008139013662002981,0.0009200978092849255
1,1.0,0.9999989867210388,0.9999989867210388,0.0015787659212946892,0.0015990253305062652
2,0.9999963045120239,0.9999988079071045,0.9999988079071045,0.0015726289711892605,0.0016693554352968931
1,0.9999998211860657,0.9999974966049194,0.9999974966049194,0.002251669764518738,0.0022433968260884285
1,1.0000001192092896,0.9999972581863403,0.9999968409538269,0.002627994166687131,0.002690653083845973
2,0.9999887943267822,0.9999977350234985,0.9999973177909851,0.002186572179198265,0.002366630593314767
1,1.0,0.9999979734420776,0.9999977946281433,0.0021149495150893927,0.002184577053412795
1,1.0000001192092896,0.9999983906745911,0.9999980330467224,0.0020887816790491343,0.0021402898710221052
1,1.0,0.999996542930603,0.9999963641166687,0.0034644578117877245,0.0035445967223495245
2,0.9999994039535522,0.9999990463256836,0.9999984502792358,0.001673302729614079,0.0019470503320917487
1,1.0000001192092896,0.9999992847442627,0.9999991059303284,0.0015359610551968217,0.0016102869994938374
1,1.0,0.9999996423721313,0.9999994039535522,0.0008873495389707386,0.0011417876230552793
1,1.0000001192092896,0.9999980926513672,0.9999980926513672,0.001958532491698861,0.002004713285714388
1,0.9999998211860657,0.9999951124191284,0.999994695186615,0.00310323853045702,0.0032756973523646593
1,1.0000001192092896,0.9999973773956299,0.999996542930603,0.002739481395110488,0.003048932645469904
1,0.9999998807907104,0.9999995231628418,0.9999994039535522,0.0009373286156915128,0.0010657476959750056
2,0.9999991655349731,0.9999836087226868,0.9999805092811584,0.0059396568685770035,0.006599418353289366
1,1.0,0.9999877214431763,0.9999860525131226,0.005312053952366114,0.005724672693759203
1,1.0,0.9999988675117493,0.9999983906745911,0.0014660207089036703,0.0017716725124046206
1,0.9999999403953552,0.9999967813491821,0.9999966621398926,0.002669981215149164,0.0026964806020259857
2,0.9999710917472839,0.9999974370002747,0.9999973773956299,0.002606511116027832,0.0026456087362021208
1,1.0,0.9999992251396179,0.9999990463256836,0.0011948519386351109,0.0012593145947903395
1,1.0000001192092896,0.9999994039535522,0.9999992251396179,0.001178136095404625,0.0012418210972100496
1,1.0,0.9999991655349731,0.9999991655349731,0.00120165990665555,0.0013136534253135324
2,0.9999916553497314,0.9999936819076538,0.9999927878379822,0.003836347023025155,0.004124268889427185
1,1.0,0.9999950528144836,0.9999948740005493,0.0033810283057391644,0.003525453619658947
1,0.9999999403953552,0.9999979138374329,0.999997615814209,0.0020935307256877422,0.0021949673537164927
1,1.0,0.9999983310699463,0.9999980330467224,0.001832465291954577,0.0019288811599835753
1,0.9999999403953552,0.9999961853027344,0.9999962449073792,0.0028542473446577787,0.002873960416764021
1,1.0,0.9999987483024597,0.9999985694885254,0.0015795184299349785,0.0017154586967080832
1,0.9999999403953552,0.9999954104423523,0.9999951720237732,0.0029906355775892735,0.003101375885307789
1,0.9999997615814209,0.9999996423721313,0.999999463558197,0.0010880123591050506,0.0011111419880762696
1,1.0,0.9999985098838806,0.9999980330467224,0.0017968635074794292,0.0019931697752326727
1,1.0,0.9999925494194031,0.9999919533729553,0.004109999630600214,0.004239140078425407
1,0.9999998807907104,0.9999905228614807,0.9999894499778748,0.004465553909540176,0.004724019672721624
1,1.0,0.9999995231628418,0.9999994039535522,0.0010595263447612524,0.00118763477075845
1,1.0000001192092896,0.9999988675117493,0.9999985694885254,0.0018711162265390158,0.00205679121427238
1,0.9999998807907104,0.999999463558197,0.9999995231628418,0.0010266407625749707,0.0010317825945094228
1,1.0000001192092896,0.9999978542327881,0.9999976754188538,0.002599327825009823,0.0026719369925558567
1,0.9999998807907104,0.9999988079071045,0.9999986290931702,0.0014216635609045625,0.0015773078193888068
3,0.9999901652336121,0.9999947547912598,0.9999942183494568,0.0037148650735616684,0.003870211774483323
2,0.9999988079071045,0.9999974370002747,0.9999972581863403,0.002661864273250103,0.002737326081842184
1,1.0,0.9999975562095642,0.9999974966049194,0.0025017966981977224,0.0025047447998076677
2,0.9999988079071045,0.9999960064888,0.999995231628418,0.0038622228894382715,0.004082079976797104
1,1.0,0.9999995231628418,0.9999992847442627,0.001035345601849258,0.0011568950721994042
2,0.9999957084655762,0.9999975562095642,0.9999972581863403,0.0022015103604644537,0.002362791681662202
1,1.0000001192092896,0.999998927116394,0.9999985098838806,0.001505987485870719,0.0017239399021491408
1,0.9999999403953552,0.9999382495880127,0.9999322295188904,0.012993129901587963,0.013577587902545929
1,1.0,0.9999946355819702,0.9999940991401672,0.0033097194973379374,0.0034695586655288935
1,1.0,0.9999913573265076,0.9999905824661255,0.004961063619703054,0.00507796835154295
1,1.0,0.9999957084655762,0.9999951720237732,0.0038221010472625494,0.0038610100746154785
1,1.0000001192092896,0.9999974370002747,0.9999969005584717,0.003126566531136632,0.0033102966845035553
2,0.999994158744812,0.9999948740005493,0.999994158744812,0.005028972867876291,0.00529276579618454
1,0.9999998211860657,0.9999984502792358,0.9999979734420776,0.001978288171812892,0.0020887237042188644
1,1.0,0.999998927116394,0.9999988675117493,0.0015801090048626065,0.0016698125982657075
1,1.0,0.9999933242797852,0.9999933838844299,0.0036485674791038036,0.003669583471491933
1,1.0,0.9999963641166687,0.9999958872795105,0.0028495052829384804,0.002935129450634122
1,1.0000001192092896,0.9999958872795105,0.9999957084655762,0.0030333809554576874,0.0030504451133310795
1,0.9999997615814209,0.9999865889549255,0.999984860420227,0.005521644838154316,0.005850799381732941
1,1.0000001192092896,0.9999987483024597,0.9999986886978149,0.0020614718087017536,0.0018750411691144109
2,0.9999808073043823,0.9999985694885254,0.9999986290931702,0.002061404986307025,0.001888934290036559
1,1.0000001192092896,0.9999995231628418,0.9999995231628418,0.000948356871958822,0.0008604435715824366
1,0.9999999403953552,0.9999952912330627,0.9999954700469971,0.003068069228902459,0.0030587089713662863
1,0.9999999403953552,0.9999939799308777,0.9999933242797852,0.0034415367990732193,0.0036256953608244658
1,1.0,0.9999976754188538,0.9999975562095642,0.0021820904221385717,0.0023038871586322784
1,0.9999997615814209,0.9999988675117493,0.9999986886978149,0.0014763924991711974,0.0015271783340722322
1,0.9999998807907104,0.9999988079071045,0.9999986290931702,0.0015979219460859895,0.0016210619360208511
1,1.0,0.9999988079071045,0.9999983906745911,0.0015505347400903702,0.0018121452303603292
1,1.0,0.9999966621398926,0.9999963045120239,0.0025793476961553097,0.0027434946969151497
1,1.0,0.9999982118606567,0.9999978542327881,0.001934159197844565,0.002130130073055625
1,1.0000001192092896,0.9999973177909851,0.9999967813491821,0.002355678239837289,0.0025621443055570126
1,1.0000001192092896,0.9999756217002869,0.9999715089797974,0.007923409342765808,0.008661817759275436
1,1.0,0.9999970197677612,0.9999964237213135,0.0026587590109556913,0.0030968347564339638
1,1.0000001192092896,0.9999985694885254,0.9999983310699463,0.0018606329103931785,0.0018883681623265147
1,1.0,0.999997615814209,0.999997615814209,0.0022361811716109514,0.0022732254583388567
1,1.0,0.999998927116394,0.9999987483024597,0.0016349891666322947,0.0016472580609843135
1,0.9999999403953552,0.9999955296516418,0.999995231628418,0.003077467903494835,0.0031960385385900736
1,1.0000001192092896,0.999999463558197,0.9999996423721313,0.000959231227170676,0.0009920964948832989
1,1.0,0.9999997615814209,0.9999995827674866,0.0004768186481669545,0.0008140209247358143
1,1.0,0.9999986290931702,0.9999982714653015,0.001848441082984209,0.0019800965674221516
1,0.9999998211860657,0.9999985694885254,0.9999988079071045,0.003043629927560687,0.0030304233077913523
1,0.9999999403953552,0.9999997615814209,0.9999997615814209,0.0008595522376708686,0.0007730518118478358
1,1.0,0.9999991655349731,0.9999988675117493,0.0012579120229929686,0.0014882339164614677
1,1.0,0.9999960064888,0.9999958276748657,0.0029609552584588528,0.0030308859422802925
1,1.0000001192092896,0.9999925494194031,0.9999926090240479,0.003885323414579034,0.0039503262378275394
1,1.0,0.9999997019767761,0.9999995827674866,0.0009849023772403598,0.0010161998216062784
1,0.9999998807907104,0.9999997615814209,0.9999995231628418,0.0012802578276023269,0.0013901893980801105
2,0.9999836087226868,0.9999969005584717,0.9999969005584717,0.002542395144701004,0.0025584842078387737
1,1.0,0.9999971389770508,0.9999972581863403,0.002395087154582143,0.002393775386735797
1,1.0000001192092896,0.9999995827674866,0.9999995231628418,0.0009428366320207715,0.001097388449124992
1,1.0,0.9999989867210388,0.9999988675117493,0.001819359720684588,0.0019925180822610855
1,0.9999999403953552,0.9999997019767761,0.9999997615814209,0.0010327833006158471,0.0009331284090876579
1,1.0,0.9999956488609314,0.9999955296516418,0.00523504288867116,0.005397128872573376
1,1.0,0.9999955296516418,0.9999949932098389,0.0032268809154629707,0.0033991641830652952
1,0.9999999403953552,0.9999990463256836,0.9999990463256836,0.001324979355558753,0.0014489308232441545
1,1.0000001192092896,0.9999991655349731,0.9999986886978149,0.0013849353417754173,0.00173499237280339
2,0.9999991655349731,0.9999982118606567,0.9999978542327881,0.0018132672412320971,0.002086815657094121
1,0.9999999403953552,0.9999992847442627,0.9999991655349731,0.001406460185535252,0.0014764198567718267
1,0.9999998211860657,0.9999995231628418,0.9999993443489075,0.0009167352109216154,0.001081561902537942
1,1.0,0.9999923706054688,0.999991774559021,0.004134029615670443,0.0042316191829741
1,1.0000001192092896,0.9999985098838806,0.9999980330467224,0.0018217498436570168,0.0020311791449785233
1,1.0,0.9999968409538269,0.9999966025352478,0.002750946441665292,0.0028442961629480124
1,1.0,0.999998927116394,0.9999987483024597,0.0014885346172377467,0.001580696669407189
1,0.9999999403953552,0.9999949336051941,0.9999951720237732,0.0050949896685779095,0.005096284672617912
1,0.9999999403953552,0.9999990463256836,0.9999991655349731,0.0014946818118914962,0.0014858635840937495
1,1.0,1.0000001192092896,0.9999998211860657,0.00035763962659984827,0.000783543277066201
1,1.0,0.999998927116394,0.9999987483024597,0.00199071504175663,0.0021266809199005365
1,0.9999999403953552,0.9999990463256836,0.9999989867210388,0.0014934884384274483,0.001655748812481761
2,0.9999949932098389,0.9999916553497314,0.9999917149543762,0.004467691760510206,0.004579715896397829
2,0.9997320175170898,0.9999974370002747,0.9999973177909851,0.0032709380611777306,0.003155236365273595
1,0.9999999403953552,0.9999990463256836,0.9999989867210388,0.0013519616331905127,0.001413259538821876
1,0.9999998211860657,0.9999971389770508,0.9999970197677612,0.0025691946502774954,0.00264731771312654
2,0.9999100565910339,0.999995768070221,0.9999951124191284,0.0033228977117687464,0.0035643649753183126
1,1.0,0.9999996423721313,0.9999997615814209,0.0008705052896402776,0.0008762091747485101
1,0.9999998807907104,0.9999995827674866,0.9999995231628418,0.0010636596707627177,0.00106466980651021
1,1.0,0.9999945163726807,0.9999942779541016,0.003616822650656104,0.0036647540982812643
1,1.0000001192092896,0.9999993443489075,0.9999991655349731,0.0012536931317299604,0.0013198605738580227
1,0.9999998211860657,0.9999988675117493,0.9999985098838806,0.0016071278369054198,0.0017877857899293303
1,1.0,0.9999999403953552,0.9999998807907104,0.0003480486629996449,0.0006088106893002987
2,0.999996542930603,0.9999978542327881,0.9999979734420776,0.002030142117291689,0.0020568559411913157
1,1.0,0.9999982714653015,0.9999982118606567,0.0018447153270244598,0.0019092513248324394
1,1.0,0.9999997615814209,0.9999995827674866,0.000770893064327538,0.0008571016951464117
1,1.0000001192092896,0.9999843835830688,0.9999836087226868,0.006103543099015951,0.006242179311811924
1,1.000000238418579,0.9999923706054688,0.9999915957450867,0.0039209360256791115,0.004058289807289839
1,1.0000001192092896,0.9999998807907104,0.9999998211860657,0.0007244947482831776,0.0011264181230217218
1,1.0,0.9999986886978149,0.9999986886978149,0.0016685343580320477,0.001664624665863812
1,1.0,0.9999907612800598,0.9999904632568359,0.0044904123060405254,0.004559677094221115
1,1.0,0.9999971389770508,0.9999968409538269,0.003057069843634963,0.00326073938049376
1,0.9999999403953552,0.9999990463256836,0.9999987483024597,0.001420087181031704,0.0017048778245225549
1,1.0,0.9999995231628418,0.9999995827674866,0.0008719552424736321,0.000907325476873666
1,1.000000238418579,0.9999958276748657,0.9999953508377075,0.002929382724687457,0.003066046629101038
1,0.9999999403953552,0.999999463558197,0.9999995231628418,0.00095233233878389,0.0011182446032762527
1,0.9999998807907104,0.9999979138374329,0.9999982714653015,0.0019612431060522795,0.0019873790442943573
1,0.9999998807907104,0.9999983310699463,0.9999984502792358,0.001840198994614184,0.0018644178053364158
1,0.9999999403953552,0.9997120499610901,0.9997100234031677,0.03981165215373039,0.0401189848780632
1,0.9999998807907104,0.9999967217445374,0.9999961853027344,0.00257960706949234,0.0027928873896598816
1,1.0000001192092896,0.9999972581863403,0.9999968409538269,0.0023933174088597298,0.0025990235153585672
1,1.0,0.9999971389770508,0.9999958872795105,0.0024290389847010374,0.002924438798800111
1,1.0,0.9999982714653015,0.9999979734420776,0.002063297200948,0.002069824142381549
2,0.9999126195907593,0.9999986290931702,0.9999986290931702,0.0018477403791621327,0.0018518788274377584
1,1.0,0.9999929070472717,0.9999930262565613,0.003917828667908907,0.0039059133268892765
1,1.0,0.9999991059303284,0.9999989867210388,0.0017970293993130326,0.0018962344620376825
1,1.0,0.9999933242797852,0.9999932050704956,0.0041390517726540565,0.004295471590012312
1,1.0,0.9999950528144836,0.9999951124191284,0.003206919878721237,0.003205470973625779
1,0.9999999403953552,0.9999977946281433,0.9999977350234985,0.002153955167159438,0.00219164090231061
1,1.0000001192092896,0.9999943971633911,0.9999948143959045,0.003475111210718751,0.003350740298628807
1,0.9999998807907104,0.9999973773956299,0.9999972581863403,0.0026965420693159103,0.0027120965532958508
1,1.0,0.9999970197677612,0.9999967217445374,0.0024447795003652573,0.002617150079458952
1,1.0,0.999998927116394,0.9999990463256836,0.0014454483753070235,0.0014410929288715124
1,1.0,0.999998927116394,0.9999988079071045,0.0014316905289888382,0.0014350470155477524
1,1.0,0.9999986290931702,0.9999983310699463,0.0021038923878222704,0.002095086732879281
1,0.9999998211860657,0.9999990463256836,0.9999991655349731,0.0013591473689302802,0.0013988070422783494
1,1.0,0.9999961853027344,0.999995231628418,0.0028809953946620226,0.003243126906454563
1,0.9999998807907104,0.9999992847442627,0.9999991655349731,0.001300751930102706,0.0013373527908697724
1,1.0,0.9999962449073792,0.9999963045120239,0.00287265726365149,0.0029500725213438272
1,1.0,0.9999986886978149,0.9999986290931702,0.0018260367214679718,0.0018583651399239898
2,0.9999986886978149,0.9999985098838806,0.9999984502792358,0.0017438291106373072,0.0018915559630841017
1,1.0,0.9999891519546509,0.9999892115592957,0.005015118513256311,0.005004710052162409
1,1.0,0.9999994039535522,0.9999995231628418,0.001333227613940835,0.0012561505427584052
1,1.0,0.9999993443489075,0.9999992251396179,0.001211200375109911,0.0013420982286334038
1,0.9999999403953552,0.9999990463256836,0.9999985694885254,0.0015011242358013988,0.001712468801997602
1,0.9999999403953552,0.9999935626983643,0.999992847442627,0.0035670578945428133,0.0037744466681033373
1,0.9999998807907104,0.9999995231628418,0.9999994039535522,0.0009450662764720619,0.0010743611492216587
2,0.9997467994689941,0.9999983310699463,0.9999983310699463,0.0017926120199263096,0.0018832655623555183
1,1.0,0.9999986886978149,0.9999985694885254,0.0021535924170166254,0.002239897847175598
1,1.0000001192092896,0.9999935626983643,0.999993085861206,0.0036656695883721113,0.0038533767219632864
2,0.9999982118606567,0.9999976754188538,0.9999972581863403,0.0022626309655606747,0.002366882748901844
1,0.9999998807907104,0.9999986886978149,0.9999985694885254,0.0016341644804924726,0.0018000458367168903
1,0.9999999403953552,0.9999990463256836,0.9999988675117493,0.001652073347941041,0.0016565604601055384
1,1.0,0.9999979734420776,0.9999979734420776,0.0024909607600420713,0.002736901631578803
3,0.999189019203186,0.9999915957450867,0.9999902248382568,0.005868867971003056,0.006892868783324957
4,0.9994274973869324,0.9999891519546509,0.9999882578849792,0.006301259156316519,0.007202353794127703
2,0.9992419481277466,0.9999897480010986,0.9999884366989136,0.006682152394205332,0.007715027779340744
1,1.0000001192092896,0.9999994039535522,0.999999463558197,0.0011694661807268858,0.0012183141661807895
3,0.9995235204696655,0.9999869465827942,0.999985933303833,0.00716871302574873,0.00807769875973463
3,0.9997235536575317,0.9999912977218628,0.9999903440475464,0.005518196616321802,0.00635489821434021
2,0.9995810985565186,0.9999930262565613,0.9999914765357971,0.005158941261470318,0.006146745756268501
2,0.9999657869338989,0.9999897480010986,0.9999884963035583,0.006290544755756855,0.007147625554352999
1,0.9999999403953552,0.999991774559021,0.9999902248382568,0.0058656432665884495,0.006875553168356419
1,0.9999998807907104,0.9999989867210388,0.9999988675117493,0.0022874404676258564,0.002496080007404089
1,0.9999999403953552,0.9999997019767761,0.9999997615814209,0.0009469669894315302,0.0009435846586711705
2,0.9998763799667358,0.99998939037323,0.99998539686203,0.006718914024531841,0.007626632694154978
1,1.0,0.9999896883964539,0.9999882578849792,0.0066336337476968765,0.006935216020792723
1,0.9999998807907104,0.9999986290931702,0.9999985694885254,0.0018568908562883735,0.00194150535389781
1,1.0,0.9999950528144836,0.9999949932098389,0.003429881064221263,0.0034108893014490604
1,1.0,0.9999979734420776,0.9999976754188538,0.002102937549352646,0.0022513940930366516
1,1.0,0.9999982714653015,0.9999983906745911,0.002254142891615629,0.0023920880630612373
1,0.9999998807907104,0.9999974370002747,0.9999973177909851,0.002354264724999666,0.0024097291752696037
1,1.0,0.9999974966049194,0.9999973177909851,0.002295060781762004,0.002377899130806327
1,0.9999999403953552,0.9999973773956299,0.9999971389770508,0.00287011475302279,0.002927378984168172
1,1.0000001192092896,0.9999893307685852,0.9999898672103882,0.005149411968886852,0.005078823771327734
1,1.0000001192092896,0.9999992251396179,0.9999991655349731,0.0013755406253039837,0.0014449273003265262
1,1.0,0.9999963045120239,0.9999966025352478,0.0029965422581881285,0.0029172163922339678
2,0.9999992847442627,0.9999990463256836,0.9999986886978149,0.0015177384484559298,0.001657244749367237
1,1.0,0.9999997615814209,0.9999995231628418,0.0007638499373570085,0.00102300476282835
1,0.9999998211860657,0.9999992847442627,0.9999991059303284,0.001438578823581338,0.0015132687985897064
2,0.9999938011169434,0.9999976754188538,0.9999973773956299,0.002312933560460806,0.0024625842925161123
1,0.9999998807907104,0.9999983906745911,0.9999980926513672,0.0018583210185170174,0.0019604479894042015
1,1.0,0.9999986886978149,0.9999988079071045,0.0016126263653859496,0.0016166309360414743
1,1.0,0.9999991655349731,0.9999990463256836,0.0014277225127443671,0.0013904307270422578
1,1.0000001192092896,0.999996542930603,0.9999958872795105,0.002644530264660716,0.0028529351111501455
1,0.9999999403953552,0.9999985694885254,0.9999984502792358,0.002148390281945467,0.0022195526398718357
1,1.0,0.9999985694885254,0.9999985694885254,0.0018106275238096714,0.001843537436798215
1,1.0000001192092896,0.9999968409538269,0.999996542930603,0.002579836407676339,0.0026850539725273848
2,0.999971866607666,0.999998927116394,0.9999982118606567,0.0015514797996729612,0.001926522352732718
1,1.0,0.999999463558197,0.9999994039535522,0.001326321274973452,0.0013809982920065522
1,1.0000001192092896,0.9999997019767761,0.9999991059303284,0.0007548150606453419,0.001391666941344738
2,0.9982936382293701,0.9999389052391052,0.999937117099762,0.011050192639231682,0.011211445555090904
1,1.0,0.9999614953994751,0.9999609589576721,0.008874974213540554,0.008925105445086956
1,1.000000238418579,0.9999869465827942,0.9999858140945435,0.0069122640416026115,0.007303931284695864
1,1.0000001192092896,0.9999984502792358,0.9999983310699463,0.0017693621339276433,0.001831064815632999
1,1.000000238418579,0.999998927116394,0.9999988079071045,0.002061430597677827,0.0020814971067011356
1,1.0,0.999998152256012,0.9999979734420776,0.001977683277800679,0.0020637591369450092
1,0.9999998807907104,0.9999989867210388,0.9999989867210388,0.0015619967598468065,0.001563836238346994
1,1.0,0.9999991059303284,0.999998927116394,0.001390066696330905,0.0014511803165078163
2,0.9999884366989136,0.9999977350234985,0.9999974370002747,0.0024539430160075426,0.002597222803160548
1,1.0000001192092896,0.9999995231628418,0.9999994039535522,0.0009507604991085827,0.001018247101455927
1,0.9999998807907104,0.999997079372406,0.9999972581863403,0.0036938257981091738,0.003613546723499894
2,0.9999869465827942,0.9999942779541016,0.9999939203262329,0.003391019534319639,0.0034840612206608057
2,0.9999749064445496,0.9999927282333374,0.999991774559021,0.003936248365789652,0.004207476042211056
3,0.9999127388000488,0.9999899864196777,0.9999886155128479,0.0045732613652944565,0.004831575322896242
1,1.0000001192092896,0.9999964237213135,0.9999962449073792,0.002641489263623953,0.002731894375756383
2,0.9999885559082031,0.9999972581863403,0.9999970197677612,0.0023987789172679186,0.002429502084851265
1,1.0,0.9999972581863403,0.9999970197677612,0.0024583199992775917,0.0025033424608409405
1,1.0000001192092896,0.9999985694885254,0.9999983906745911,0.0018335559871047735,0.0019315039971843362
1,1.0000001192092896,0.999998927116394,0.9999984502792358,0.001740977051667869,0.0020592024084180593
1,0.9999998807907104,0.9999942779541016,0.9999942779541016,0.004062938503921032,0.004113147035241127
1,0.9999999403953552,0.999987006187439,0.9999855756759644,0.005447243805974722,0.005694769322872162
1,0.9999999403953552,0.9999972581863403,0.9999971389770508,0.002617442514747381,0.0026846870314329863
2,0.9999926090240479,0.9999956488609314,0.9999951124191284,0.00293909152969718,0.0031390581279993057
1,0.9999999403953552,0.9999985098838806,0.9999982714653015,0.0018184101209044456,0.0019266114104539156
1,1.0000001192092896,0.999999463558197,0.999999463558197,0.001075355801731348,0.0011987402103841305
2,0.9999915361404419,0.9999804496765137,0.9999798536300659,0.006430365145206451,0.00649941386654973
2,0.99993896484375,0.9999852776527405,0.9999856948852539,0.0056663681752979755,0.005532236769795418
1,1.0,0.999998927116394,0.9999988079071045,0.001445929752662778,0.001537076779641211
1,0.9999999403953552,0.9999945163726807,0.9999938011169434,0.00377909978851676,0.003981254994869232
1,1.0,0.9999988079071045,0.9999986886978149,0.0017498793313279748,0.0018047717167064548
1,1.0,0.999997615814209,0.9999968409538269,0.002332228235900402,0.002640342805534601
1,1.0,0.999997079372406,0.9999966025352478,0.0026362037751823664,0.002822400303557515
1,0.9999999403953552,0.9999991059303284,0.9999991655349731,0.0012555319117382169,0.0013072264846414328
2,0.9999913573265076,0.999995768070221,0.9999960660934448,0.0032638206612318754,0.0031076373998075724
1,0.9999998211860657,0.999998152256012,0.9999978542327881,0.0020327770616859198,0.002215620130300522
2,0.9998917579650879,0.999995768070221,0.9999956488609314,0.004381004720926285,0.004475892521440983
1,1.0,0.9999980926513672,0.9999980926513672,0.002575794467702508,0.0026360172778367996
1,1.0,0.9999862909317017,0.9999864101409912,0.006886472459882498,0.006838376633822918
1,0.9999998807907104,0.9999995827674866,0.999999463558197,0.000877052778378129,0.0010037670144811273
1,0.9999999403953552,0.9999985694885254,0.9999985098838806,0.0017152068903669715,0.0018056415719911456
1,1.0,0.9999963045120239,0.9999960660934448,0.002705406630411744,0.0028112223371863365
1,1.0,0.9999994039535522,0.9999992251396179,0.0011447281576693058,0.0012342625996097922
1,1.0000001192092896,0.999998152256012,0.9999982118606567,0.0020598559640347958,0.002174319699406624
1,1.0000001192092896,0.9999818205833435,0.9999805092811584,0.006577317602932453,0.006793863605707884
1,1.0,0.999993085861206,0.9999929070472717,0.0038007888942956924,0.0038600554689764977
1,0.9999999403953552,0.9999989867210388,0.9999987483024597,0.0017839358188211918,0.0019069842528551817
2,0.9999997615814209,0.9999990463256836,0.9999987483024597,0.0013935078168287873,0.0016662979032844305
1,1.000000238418579,0.9999992847442627,0.9999991655349731,0.001214338350109756,0.001327664009295404
1,0.9999998807907104,0.9999998211860657,0.9999996423721313,0.0006090934621170163,0.0008742128266021609
1,1.0,0.9999964237213135,0.9999960064888,0.0027096495032310486,0.002880912274122238
1,0.9999999403953552,0.999990701675415,0.9999906420707703,0.004400492180138826,0.004383055027574301
1,1.0,0.9999951124191284,0.9999943971633911,0.003307244973257184,0.0034992024302482605
1,1.0,0.9999829530715942,0.9999814033508301,0.006198822055011988,0.006494180299341679
1,0.9999999403953552,0.9999911785125732,0.9999910593032837,0.005977950524538755,0.005985185969620943
1,1.0000001192092896,0.9999581575393677,0.9999579787254333,0.009188679978251457,0.00921045895665884
1,0.9999999403953552,0.9999950528144836,0.9999945759773254,0.00363974180072546,0.0037404040340334177
1,1.0,0.9999960064888,0.9999958276748657,0.003313695779070258,0.003363455878570676
1,0.9999999403953552,0.9999987483024597,0.9999988079071045,0.0016614135820418596,0.0016527846455574036
1,0.9999998807907104,0.9999970197677612,0.9999968409538269,0.0032003584783524275,0.0032276506535708904
1,0.9999998807907104,0.9999972581863403,0.9999967217445374,0.002472788328304887,0.0026023159734904766
2,0.9999990463256836,0.999997079372406,0.9999968409538269,0.002441144548356533,0.002588867209851742
2,0.9999887347221375,0.9999986290931702,0.9999985098838806,0.002111637033522129,0.002198809292167425
1,0.9999998807907104,0.9999892115592957,0.9999880194664001,0.004913549404591322,0.005183504894375801
1,0.9999999403953552,0.9999991655349731,0.9999991059303284,0.0013991385931149125,0.00144000758882612
1,0.9999999403953552,0.9999973177909851,0.9999970197677612,0.0025779723655432463,0.002749973675236106
1,0.9999999403953552,0.9999990463256836,0.9999990463256836,0.0013599757803604007,0.0014036436332389712
1,0.9999999403953552,0.9999991059303284,0.9999987483024597,0.0014592006336897612,0.001576805836521089
1,1.0,0.9999988079071045,0.9999986886978149,0.0015549927484244108,0.0016653337515890598
1,0.9999999403953552,0.9999977350234985,0.9999974966049194,0.002672911621630192,0.002691311528906226
1,1.0,0.9999973177909851,0.999997079372406,0.002405153587460518,0.0024935572873800993
1,1.0,0.999997079372406,0.9999964237213135,0.002910289214923978,0.0031135194003582
1,1.0000001192092896,0.9999983906745911,0.9999979138374329,0.0018914378015324473,0.0020635316614061594
1,1.0000001192092896,0.999997615814209,0.9999971985816956,0.0021942241583019495,0.002371484413743019
1,0.9999998807907104,0.9999958276748657,0.9999957084655762,0.00291529786773026,0.0029803984798491
1,0.9999998807907104,0.999998152256012,0.999997615814209,0.0021762638352811337,0.002360667334869504
1,1.0,0.9999982118606567,0.9999977350234985,0.0019600684754550457,0.0022462334018200636
1,1.000000238418579,0.9999943375587463,0.9999938607215881,0.003930123057216406,0.004134675487875938
1,0.9999999403953552,0.9999920129776001,0.9999915957450867,0.004193718545138836,0.004269822500646114
1,1.0,0.9999997615814209,0.9999996423721313,0.0008746860548853874,0.0009050326189026237
1,1.0,0.9999988079071045,0.9999984502792358,0.0016741243889555335,0.0018020629649981856
2,0.9960904717445374,0.999994695186615,0.9999931454658508,0.0033201114274561405,0.0038108902517706156
1,1.0,0.9999632239341736,0.9999630451202393,0.008641942404210567,0.008600515313446522
1,1.0,0.9999995827674866,0.9999995231628418,0.0009733046172186732,0.0010120808146893978
1,0.9999999403953552,0.9999961853027344,0.9999954104423523,0.0032686591148376465,0.003766691545024514
1,1.0,0.9999998211860657,0.9999997615814209,0.0008433450129814446,0.0008483005221933126
1,1.0,0.9999997019767761,0.9999996423721313,0.001415190869010985,0.0014842961682006717
1,1.0,0.999998927116394,0.999998927116394,0.0014661523746326566,0.0015168762765824795
1,1.0,0.9999998807907104,0.9999998807907104,0.00048301578499376774,0.000539638043846935
1,0.9999999403953552,0.9999975562095642,0.9999973773956299,0.0022472194395959377,0.00225925724953413
2,0.9999948740005493,0.999999463558197,0.9999992251396179,0.001160154351964593,0.0013162246905267239
1,0.9999999403953552,0.9999992847442627,0.9999991655349731,0.0011504306457936764,0.001269832719117403
1,0.9999998807907104,0.9999992847442627,0.9999992251396179,0.0012065162882208824,0.0012913733953610063
1,1.0,0.9999986290931702,0.9999983906745911,0.001682043308392167,0.0019219514215365052
1,1.0,0.999996542930603,0.999996542930603,0.002870794851332903,0.002881150459870696
1,1.0,0.9999939203262329,0.9999936819076538,0.003619205206632614,0.0037174299359321594
1,1.0,0.9999950528144836,0.9999948740005493,0.003410608507692814,0.003457720158621669
1,0.9999998211860657,0.999998927116394,0.999998927116394,0.0014525982551276684,0.0015339427627623081
1,1.0000001192092896,0.9999948143959045,0.9999945163726807,0.0033756359480321407,0.003814955474808812
2,0.9998515844345093,0.9999774098396301,0.9999773502349854,0.007933340035378933,0.007893566973507404
1,1.0,0.9999840259552002,0.9999843239784241,0.0068437885493040085,0.006794933695346117
1,1.0000001192092896,0.9999934434890747,0.9999935626983643,0.004114948213100433,0.003969011828303337
1,0.9999999403953552,0.9999979734420776,0.9999980330467224,0.002056555123999715,0.002083404688164592
1,1.0000001192092896,0.9999991655349731,0.9999990463256836,0.001497410237789154,0.001616650726646185
1,0.9999997615814209,0.9999975562095642,0.9999970197677612,0.002766120247542858,0.0030280337668955326
1,1.0000001192092896,0.9999994039535522,0.9999991655349731,0.0013499596389010549,0.0014138047117739916
1,0.9999999403953552,0.9999961256980896,0.9999961256980896,0.0031106402166187763,0.0031774903181940317
1,0.9999998807907104,0.9999977350234985,0.9999966621398926,0.0024225206580013037,0.0029983834829181433
1,1.0,0.9999991655349731,0.9999990463256836,0.0015213649021461606,0.0015162251656875014
1,0.9999998807907104,0.9999936819076538,0.9999933838844299,0.0037506669759750366,0.003876002971082926
1,1.0000001192092896,0.9999958276748657,0.9999959468841553,0.0031916401349008083,0.0031460945028811693
1,1.0,0.9999915361404419,0.9999910593032837,0.004242961760610342,0.004350818693637848
1,1.0000001192092896,0.9999953508377075,0.9999950528144836,0.0031927190721035004,0.003259110264480114
2,0.9999990463256836,0.9999976754188538,0.9999973177909851,0.0021831009071320295,0.0023519378155469894
1,1.0,0.9999997019767761,0.9999998211860657,0.0006894711987115443,0.0007874997681938112
1,1.0,0.9999983310699463,0.9999982714653015,0.0018533483380451798,0.00192264374345541
1,1.0000001192092896,0.9999998807907104,0.9999997615814209,0.0006379144615493715,0.0006378017133101821
2,0.9999934434890747,0.9999962449073792,0.9999949932098389,0.0027362711261957884,0.003193498123437166
1,1.000000238418579,0.9999969005584717,0.9999962449073792,0.00270977639593184,0.0030682897195219994
2,0.9999899864196777,0.9999969601631165,0.9999964237213135,0.0024580927565693855,0.002647437620908022
1,0.9999998807907104,0.9999974370002747,0.9999974370002747,0.0023207433987408876,0.002266442868858576
2,0.9999977946281433,0.9999983310699463,0.9999978542327881,0.002419854048639536,0.0032088460866361856
1,1.0,0.9999998211860657,0.9999998211860657,0.0006575217703357339,0.0007483158260583878
2,0.999984860420227,0.9999952912330627,0.9999951124191284,0.00314235407859087,0.0031943288631737232
3,0.9994931221008301,0.999988853931427,0.999988317489624,0.004813354462385178,0.0049826293252408504
1,1.0,0.9999955296516418,0.9999951720237732,0.0030807049479335546,0.003149821888655424
2,0.9992825984954834,0.9999865293502808,0.9999855160713196,0.005256109405308962,0.0054711163975298405
2,0.9999901056289673,0.9999966621398926,0.9999964237213135,0.00272385380230844,0.0029025301337242126
3,0.999945878982544,0.999961256980896,0.9999570846557617,0.013178075663745403,0.013758235611021519
1,1.0000001192092896,0.9999979138374329,0.9999977350234985,0.0029411325231194496,0.0031089347321540117
2,0.9999359846115112,0.999963641166687,0.9999595880508423,0.011471747420728207,0.011976487003266811
2,0.9999878406524658,0.9999610185623169,0.9999578595161438,0.012109612114727497,0.012537576258182526
1,1.0,0.9999977946281433,0.9999977946281433,0.002096734708175063,0.00210088980384171
1,1.0,0.999999463558197,0.9999991655349731,0.0012165236985310912,0.00136858900077641
2,0.9999990463256836,0.9999979734420776,0.9999975562095642,0.0020311966072767973,0.002251301659271121
1,0.9999999403953552,0.9999993443489075,0.9999991655349731,0.0014649203512817621,0.0015956270508468151
1,0.9999998211860657,0.9999991655349731,0.9999994039535522,0.0015136124566197395,0.0014964166330173612
1,1.0,0.9999977350234985,0.9999977350234985,0.0032196908723562956,0.0033436506055295467
1,1.0,0.9999978542327881,0.9999973177909851,0.0022662580013275146,0.0024962376337498426
1,1.0000001192092896,0.9999989867210388,0.9999988675117493,0.0014586664037778974,0.001508875284343958
1,0.9999998211860657,0.9999989867210388,0.9999988079071045,0.001581287942826748,0.0016834380803629756
1,1.0,0.9999987483024597,0.9999985694885254,0.0015287181595340371,0.0015956196002662182
1,0.9999998807907104,0.9999996423721313,0.9999995827674866,0.0012344451388344169,0.0011744853109121323
1,1.0000001192092896,0.9999960064888,0.9999958872795105,0.0032342898193746805,0.0032211230136454105
1,0.9999999403953552,0.9999993443489075,0.9999992251396179,0.0011742589995265007,0.0013311812654137611
1,0.9999998807907104,0.9999916553497314,0.9999915361404419,0.004190107807517052,0.00419176509603858
1,1.0,0.9999976754188538,0.9999974966049194,0.002326446119695902,0.002376098418608308
1,0.9999997615814209,0.9999897480010986,0.9999882578849792,0.0047264196909964085,0.004895274061709642
1,0.9999999403953552,0.9999944567680359,0.9999942779541016,0.0033255391754209995,0.003373990999534726
1,1.0,0.9999954700469971,0.9999955296516418,0.0032385108061134815,0.0032648625783622265
1,1.0,0.9999926686286926,0.9999921917915344,0.00385300163179636,0.003970499150454998
1,1.0000001192092896,0.9999993443489075,0.9999991059303284,0.0020479673985391855,0.002054749522358179
1,1.0,0.9999974370002747,0.9999974370002747,0.00239549414254725,0.002444008132442832
1,0.9999999403953552,0.9999971389770508,0.9999969601631165,0.002407100284472108,0.002461824333295226
1,1.0000001192092896,0.9999974966049194,0.999997615814209,0.0025929398834705353,0.0025936670135706663
2,0.9999972581863403,0.9999995231628418,0.9999995231628418,0.0008810543222352862,0.000950506713707
1,0.9999999403953552,0.9999990463256836,0.9999989867210388,0.0014291192637756467,0.0014438595389947295
1,1.0,0.9999966621398926,0.9999961853027344,0.003224087180569768,0.0032871451694518328
2,0.9999995231628418,0.9999957084655762,0.9999953508377075,0.0035851115826517344,0.003675670363008976
1,1.0,0.9999979734420776,0.9999976754188538,0.0020390234421938658,0.0021261009387671947
1,1.0000001192092896,0.9999950528144836,0.9999948740005493,0.003187383059412241,0.003231592243537307
1,1.0,0.9999996423721313,0.9999997019767761,0.0013207648880779743,0.001307510188780725
1,1.0000001192092896,1.0,1.0,0.00013342312013264745,0.0003430095093790442
1,1.000000238418579,0.9999982714653015,0.999998152256012,0.0024286534171551466,0.0024078714195638895
1,0.9999998807907104,0.9999898672103882,0.9999895691871643,0.004591174423694611,0.004663622472435236
1,1.0000001192092896,0.9999963641166687,0.9999960660934448,0.0027037227991968393,0.0028217376675456762
1,0.9999999403953552,0.9999995231628418,0.9999994039535522,0.000961639336310327,0.0011102407006546855
1,1.0,0.9999995231628418,0.9999996423721313,0.001064401469193399,0.0010514132445678115
1,0.9999998807907104,0.9999980330467224,0.9999979734420776,0.002051864517852664,0.0021266944240778685
1,1.0000001192092896,0.9999998211860657,0.9999995827674866,0.0007775116828270257,0.0008827038109302521
1,0.9999999403953552,0.9999957084655762,0.999995231628418,0.0029508890584111214,0.003159749088808894
2,0.9999864101409912,0.9999955892562866,0.9999956488609314,0.003159002400934696,0.0031341707799583673
1,1.0,0.9999936819076538,0.9999930262565613,0.003602666547521949,0.003724199254065752
1,1.0,0.999911367893219,0.9999116659164429,0.01593385823071003,0.015938453376293182
1,1.0,0.999998927116394,0.9999990463256836,0.0014559668488800526,0.0014670304954051971
1,0.9999999403953552,0.9999988675117493,0.9999988079071045,0.0014500654069706798,0.0015363979618996382
1,1.0,0.9999960660934448,0.9999959468841553,0.0028576920740306377,0.0028880443423986435
1,1.0,0.9999736547470093,0.9999735355377197,0.007281749043613672,0.007297348231077194
1,1.0,0.9999995231628418,0.999999463558197,0.0013499715132638812,0.0013938029296696186
1,1.0,0.9999958276748657,0.9999956488609314,0.002961493097245693,0.0030684983357787132
1,0.9999999403953552,0.9999988675117493,0.9999988675117493,0.0020115594379603863,0.0021964670158922672
2,0.9999990463256836,0.9999945759773254,0.9999936819076538,0.0035616427194327116,0.0039346301928162575
1,1.0000001192092896,0.9999944567680359,0.9999933242797852,0.0035163199063390493,0.0039385403506457806
1,0.9999999403953552,0.9999999403953552,0.9999998807907104,0.000521087262313813,0.0006736508803442121
1,1.0,0.9999948740005493,0.9999948740005493,0.0032236408442258835,0.003232603892683983
1,1.0000001192092896,0.9999951720237732,0.999994695186615,0.004277153871953487,0.004469424951821566
1,1.0,0.9999995231628418,0.9999997019767761,0.0011079348623752594,0.0011763753136619925
2,0.999995231628418,0.9999991059303284,0.9999990463256836,0.0014428346185013652,0.0014475687639787793
1,1.0000001192092896,0.9999953508377075,0.9999951124191284,0.0032742624171078205,0.0034032955300062895
1,1.0000001192092896,0.9999992251396179,0.9999988079071045,0.001242389203980565,0.0015574510907754302
1,1.0,0.9999976754188538,0.9999972581863403,0.002177974209189415,0.0023846407420933247
2,0.9999951720237732,0.9999927878379822,0.9999924898147583,0.004655306693166494,0.004793430678546429
1,1.0,0.9999939799308777,0.9999938607215881,0.003663018113002181,0.0037286977749317884
1,1.000000238418579,0.9999966025352478,0.9999961256980896,0.0029244201723486185,0.0031033330596983433
1,0.9999998807907104,0.999997615814209,0.9999969005584717,0.002444251673296094,0.0024494959507137537
1,0.9999998211860657,0.9999980926513672,0.9999979138374329,0.001965833129361272,0.0020143345464020967
1,0.9999999403953552,0.999999463558197,0.9999994039535522,0.0015954909613355994,0.0016424761852249503
1,0.9999999403953552,0.9999989867210388,0.999998927116394,0.001497535384260118,0.0015934061957523227
1,1.0,0.9999849796295166,0.9999843835830688,0.007956314831972122,0.008396696299314499
1,0.9999998211860657,0.9999939203262329,0.999993622303009,0.004313772544264793,0.004452845547348261
2,0.999868631362915,0.9999924302101135,0.999991774559021,0.004823911003768444,0.0050008948892354965
1,0.9999999403953552,0.9999979138374329,0.9999979734420776,0.002000367734581232,0.0019874705467373133
1,1.0,0.9999961853027344,0.9999957084655762,0.0027897972613573074,0.0029800194315612316
1,0.9999998807907104,0.9999949932098389,0.9999947547912598,0.0032294795382767916,0.0033518944401293993
1,1.0000001192092896,0.9999954700469971,0.9999955296516418,0.0034343141596764326,0.003488374873995781
1,1.0,0.9999839663505554,0.9999839663505554,0.005658238660544157,0.005668075755238533
1,0.9999999403953552,0.9999983906745911,0.9999984502792358,0.0018240803619846702,0.0019049099646508694
1,0.9999998807907104,0.9999960660934448,0.9999955892562866,0.0036686216481029987,0.0038603933062404394
1,1.0000001192092896,0.999995768070221,0.999994695186615,0.0030374336056411266,0.003302448894828558
1,1.0000001192092896,0.9999983310699463,0.9999982118606567,0.0023626741021871567,0.0024712251033633947
1,1.0,0.9999975562095642,0.9999971985816956,0.002302909968420863,0.0024504715111106634
1,1.0,0.9999990463256836,0.999998927116394,0.0013202332193031907,0.0014688490191474557
1,1.0000001192092896,0.9999972581863403,0.9999969601631165,0.002370672533288598,0.0024540696758776903
2,0.9999983310699463,0.9999969005584717,0.9999964833259583,0.0024927984923124313,0.002708493499085307
1,1.0,0.9999988675117493,0.9999987483024597,0.0014863070100545883,0.0015095691196620464
1,1.0000001192092896,0.9999983906745911,0.999998152256012,0.002161018317565322,0.002305511385202408
1,1.0000001192092896,0.9999980926513672,0.9999982714653015,0.0019594670739024878,0.0018592777196317911
1,1.0,0.9999982118606567,0.9999982118606567,0.0019215458305552602,0.0019736767280846834
1,0.9999998807907104,0.9999867677688599,0.9999865293502808,0.005208426155149937,0.005232302006334066
1,1.0,0.9999988079071045,0.9999985098838806,0.0015347043517977,0.0017145512392744422
1,1.0000001192092896,0.999993622303009,0.9999933242797852,0.003587279235944152,0.0036994945257902145
1,1.0000001192092896,0.999997615814209,0.9999974966049194,0.0026538698002696037,0.0026756166480481625
1,0.9999998807907104,0.9999949336051941,0.9999943971633911,0.0032063901890069246,0.003356355242431164
1,1.0,0.9999974370002747,0.9999973177909851,0.0023307560477405787,0.002352724550291896
1,0.9999998807907104,0.9999991059303284,0.999998927116394,0.0014765781816095114,0.0015765789430588484
1,1.0,0.9999985694885254,0.9999984502792358,0.0019285164307802916,0.002046433975920081
1,1.0000001192092896,0.9999977350234985,0.999997615814209,0.0023391027934849262,0.0023116047959774733
1,0.9999998807907104,0.9999982118606567,0.9999984502792358,0.0018508984940126538,0.001819176017306745
1,1.0000001192092896,0.9999998211860657,0.9999997615814209,0.000625312386546284,0.0006476094713434577
1,1.0,0.9999950528144836,0.9999944567680359,0.0033485793974250555,0.0035048010759055614
1,0.9999999403953552,0.9999992847442627,0.9999987483024597,0.0013858354650437832,0.001982817193493247
1,1.0,0.9999955892562866,0.9999955296516418,0.0031085957307368517,0.0030909720808267593
1,1.0,0.9999973773956299,0.9999971985816956,0.00243632635101676,0.002488458063453436
1,0.9999998807907104,0.9999986886978149,0.9999986886978149,0.0017953047063201666,0.001884695840999484
1,1.0000001192092896,1.0,0.9999998211860657,5.610119035992511e-09,0.0005122954025864601
3,0.9999903440475464,0.9999986886978149,0.9999985694885254,0.00175702222622931,0.0018270157743245363
2,0.9999964833259583,0.999998927116394,0.9999985694885254,0.00146203872282058,0.0016941267531365156
2,0.9998061656951904,0.9999927282333374,0.9999926090240479,0.00506880646571517,0.0051000239327549934
1,0.9999998807907104,0.9999943971633911,0.9999942183494568,0.00451828446239233,0.004602004308253527
1,0.9999998807907104,0.9999984502792358,0.9999982118606567,0.0018925013719126582,0.001940362504683435
1,1.0,0.999999463558197,0.999999463558197,0.0010926340473815799,0.001074275467544794
1,0.9999999403953552,0.9999920725822449,0.9999912977218628,0.004696927964687347,0.004899882711470127
1,1.0000001192092896,0.9999971389770508,0.9999969601631165,0.002608531853184104,0.002701391465961933
1,1.0,0.9999978542327881,0.9999978542327881,0.0020350886043161154,0.0020867607090622187
1,1.0,0.9999991655349731,0.999998927116394,0.0013693042565137148,0.0014175930991768837
1,1.0000001192092896,0.9999970197677612,0.9999963045120239,0.0025876688305288553,0.002768928650766611
1,1.0000001192092896,0.9999982118606567,0.9999977350234985,0.002143917139619589,0.00240387418307364
1,1.0,0.9999988079071045,0.9999986886978149,0.0020078534726053476,0.0023671917151659727
2,0.9999942779541016,0.9999982118606567,0.999998152256012,0.0020221341401338577,0.0020770207047462463
1,0.9999999403953552,0.9999977946281433,0.9999976754188538,0.00207678135484457,0.0021793036721646786
1,1.0,0.9999967813491821,0.999996542930603,0.00288003240711987,0.003020903328433633
1,0.9999998807907104,0.9999969601631165,0.9999969601631165,0.002711182925850153,0.002752218395471573
1,1.0,0.9999964833259583,0.9999961256980896,0.0027337679639458656,0.0029475875198841095
1,1.0,0.9999973773956299,0.999997079372406,0.002320796251296997,0.0025088482070714235
2,0.9995520114898682,0.9999940395355225,0.9999914169311523,0.0035092143807560205,0.004221634939312935
1,1.0,0.9999949932098389,0.9999936819076538,0.003361286362633109,0.0036938630510121584
1,0.9999998807907104,0.9999989867210388,0.9999985694885254,0.0015227841213345528,0.0016765459440648556
1,1.0000001192092896,0.9999983310699463,0.9999979734420776,0.0018306863494217396,0.002064308151602745
1,1.0000001192092896,0.9999996423721313,0.9999995827674866,0.0009034631657414138,0.000926351232919842
1,1.0,0.9999983310699463,0.9999982118606567,0.0017831854056566954,0.001924993353895843
1,0.9999999403953552,0.9999990463256836,0.9999991059303284,0.001619740854948759,0.0015520320739597082
1,1.0,0.9999935626983643,0.9999932050704956,0.003664419986307621,0.0037346333265304565
1,0.9999999403953552,0.9999995231628418,0.9999995231628418,0.0009247171110473573,0.0009729436133056879
1,1.0,0.9999935626983643,0.9999916553497314,0.0038949160370975733,0.004437250085175037
1,1.0000001192092896,0.9999991655349731,0.9999989867210388,0.0013298755511641502,0.001495630363933742
1,1.0000001192092896,0.9999991655349731,0.9999989867210388,0.0014104009605944157,0.001422680215910077
1,1.0000001192092896,0.999998927116394,0.9999987483024597,0.0014831724110990763,0.0015790561446920037
1,1.0,0.9999958872795105,0.9999954700469971,0.00361599656753242,0.003780200844630599
1,0.9999998807907104,0.9999980330467224,0.999997615814209,0.0021806051954627037,0.0022673895582556725
1,0.9999998211860657,0.9999952912330627,0.9999948740005493,0.003062180709093809,0.003226385684683919
1,0.9999998807907104,0.9999972581863403,0.999997079372406,0.0026354100555181503,0.0026711528189480305
1,0.9999998807907104,0.9999940395355225,0.9999934434890747,0.0036138873547315598,0.0037452203687280416
2,0.9999294281005859,0.9999942183494568,0.9999937415122986,0.003417261876165867,0.0035617928951978683
1,0.9999999403953552,0.999997615814209,0.9999973773956299,0.002200464718043804,0.0023057018406689167
1,0.9999998807907104,0.9999982118606567,0.9999982118606567,0.001869075815193355,0.001898459391668439
1,1.0,0.9999772906303406,0.9999757409095764,0.0071464828215539455,0.00735680665820837
1,0.9999998807907104,0.9999949932098389,0.9999936819076538,0.003155144862830639,0.0035868424456566572
1,1.0000001192092896,0.9999986886978149,0.9999987483024597,0.0015940495068207383,0.0016872936394065619
1,1.0,0.9999994039535522,0.9999995231628418,0.0010031863348558545,0.0010460715275257826
1,1.0,0.9999990463256836,0.999998927116394,0.001509406603872776,0.0015755388885736465
2,0.9999953508377075,0.9999929070472717,0.9999918937683105,0.004046753514558077,0.004329254850745201
1,0.9999998807907104,0.9999974966049194,0.9999975562095642,0.0026075607165694237,0.0026430657599121332
1,1.0,0.9999991655349731,0.9999991059303284,0.0012890484649688005,0.0013515464961528778
1,0.9999998807907104,0.9999899864196777,0.999988317489624,0.004879424348473549,0.00511569157242775
1,1.0000001192092896,0.9999992251396179,0.9999991059303284,0.0013173532206565142,0.0014713994460180402
1,0.9999998807907104,0.9999969005584717,0.9999969005584717,0.002522033639252186,0.0025580802466720343
1,1.0000001192092896,0.9999943971633911,0.9999939203262329,0.0034954685252159834,0.003586520440876484
2,0.999997615814209,0.999996542930603,0.9999962449073792,0.0026876509655267,0.0027682289946824312
1,1.0,0.9999975562095642,0.9999973773956299,0.0022042132914066315,0.0022818862926214933
1,1.0,0.9999991059303284,0.9999990463256836,0.0014295905129984021,0.0014110825723037124
1,0.9999998807907104,0.9999949932098389,0.9999953508377075,0.0033943180460482836,0.00331149366684258
1,1.0000001192092896,0.9999890327453613,0.999988853931427,0.006537322420626879,0.006588757038116455
2,0.9999983310699463,0.9999984502792358,0.9999982118606567,0.0019196702633053064,0.001959216082468629
1,1.0000001192092896,0.9999995827674866,0.9999995231628418,0.0009298210497945547,0.0010149737354367971
1,1.0000001192092896,0.9999915957450867,0.9999909400939941,0.005822182632982731,0.006156898569315672
1,0.9999998807907104,0.9998832941055298,0.9998801946640015,0.02813192456960678,0.028400389477610588
1,1.0000001192092896,0.9999983310699463,0.9999980926513672,0.00185372622217983,0.0019505813252180815
1,1.0000001192092896,0.9999846816062927,0.9999850988388062,0.00565244909375906,0.005557245574891567
1,1.000000238418579,0.9999983310699463,0.9999986290931702,0.001931637292727828,0.001841286662966013
1,1.0,0.9999972581863403,0.9999972581863403,0.0023215985856950283,0.0024128949735313654
1,0.9999999403953552,0.9999991059303284,0.9999990463256836,0.0013984964461997151,0.0014216086128726602
1,1.0,0.9999986290931702,0.9999984502792358,0.0021570769604295492,0.002247466007247567
1,1.0,0.9999988675117493,0.9999988675117493,0.0016435157740488648,0.0016824343474581838
1,0.9999999403953552,0.9999997615814209,0.9999997019767761,0.000645638327114284,0.0007450548000633717
1,1.0000001192092896,0.9999996423721313,0.9999996423721313,0.0009067648788914084,0.0008592134108766913
1,0.9999999403953552,0.9999983310699463,0.9999979734420776,0.0031486544758081436,0.0036474335938692093
2,0.9999972581863403,0.9999983310699463,0.9999982118606567,0.0019390310626477003,0.0020158507395535707
1,0.9999998211860657,0.9999994039535522,0.9999991655349731,0.001259836950339377,0.0014896654756739736
1,1.0,0.9999988675117493,0.9999988675117493,0.0019007077207788825,0.0019740406423807144
1,1.0,0.9999995827674866,0.9999995231628418,0.0009403094300068915,0.0010530359577387571
1,1.000000238418579,0.9997325539588928,0.9997252225875854,0.037429455667734146,0.03800752013921738
1,0.9999998807907104,0.9999994039535522,0.9999991059303284,0.0010885883821174502,0.0012129334500059485
1,1.0,0.9999985694885254,0.9999983310699463,0.0017497865483164787,0.0019159275107085705
1,1.0,0.9999828338623047,0.9999825358390808,0.006395294796675444,0.006424852646887302
1,0.9999999403953552,0.9999991655349731,0.9999991655349731,0.0012855810346081853,0.0013022158527746797
1,0.9999999403953552,0.999997079372406,0.9999970197677612,0.0025133886374533176,0.0025524015072733164
1,0.9999998211860657,0.9999994039535522,0.9999993443489075,0.0012348684249445796,0.0012230294523760676
1,1.0,0.9999982714653015,0.999998152256012,0.001869198284111917,0.001980193192139268
1,1.0,0.9999995231628418,0.9999993443489075,0.0009985456708818674,0.0010573217878118157
2,0.999995231628418,0.999997615814209,0.9999974370002747,0.002180616371333599,0.0022752562072128057
1,0.9999997615814209,0.9999984502792358,0.9999982118606567,0.0020542063284665346,0.0021278916392475367
1,1.0000001192092896,0.9999982118606567,0.9999979734420776,0.0025226178113371134,0.0026560479309409857
2,0.9999922513961792,0.9999967813491821,0.9999966025352478,0.002839223947376013,0.002979893935844302
1,0.9999999403953552,0.9999974966049194,0.9999973177909851,0.0025285324081778526,0.0026271273382008076
1,1.0,0.9999998211860657,0.9999997615814209,0.0005615302943624556,0.0006512527470476925
1,1.0,0.9999780058860779,0.9999780654907227,0.007092388346791267,0.007078405003994703
1,0.9999999403953552,0.9999967217445374,0.9999966025352478,0.002680344507098198,0.002723023295402527
1,1.0,0.9999992251396179,0.9999992251396179,0.0013351169181987643,0.0014092688215896487
1,0.9999999403953552,0.9999975562095642,0.9999974966049194,0.002273444551974535,0.002326018176972866
1,0.9999998807907104,0.9999997019767761,0.9999993443489075,0.0009117776644416153,0.001027851365506649
1,0.9999998211860657,0.9999991059303284,0.9999991059303284,0.0014267574297264218,0.0014674246776849031
1,1.0,1.0,0.9999998211860657,0.0002044021530309692,0.00025213591288775206
2,0.9999986886978149,0.9999982118606567,0.9999980926513672,0.0029008081182837486,0.002870808821171522
1,0.9999999403953552,0.9999986886978149,0.9999985098838806,0.0016255945665761828,0.0016895380103960633
1,1.0000001192092896,0.999998152256012,0.9999982118606567,0.001943104318343103,0.0019334267126396298
1,1.0000001192092896,0.9999992251396179,0.9999985694885254,0.0012185038067400455,0.0016864258795976639
1,1.0,0.9999929666519165,0.9999929070472717,0.004689493682235479,0.004831602331250906
1,1.0000001192092896,0.9999936819076538,0.9999933242797852,0.0037878863513469696,0.003951589576900005
1,0.9999999403953552,0.9999916553497314,0.9999911189079285,0.004085525870323181,0.004192810505628586
1,0.9999999403953552,0.9999970197677612,0.9999963641166687,0.0033260327763855457,0.003442399436607957
1,0.9999999403953552,0.9999844431877136,0.999983012676239,0.00577379297465086,0.005980498157441616
1,0.9999999403953552,0.9999948740005493,0.999994695186615,0.0035697503481060266,0.0035329204984009266
1,1.0,0.9999983310699463,0.9999982714653015,0.001879971707239747,0.00197747815400362
1,1.0,0.9999982714653015,0.9999979138374329,0.0021133432164788246,0.0021232899744063616
1,1.0,0.9999992251396179,0.9999989867210388,0.0012958103325217962,0.001458915532566607
1,1.0,0.999998927116394,0.9999986886978149,0.0015980707248672843,0.0017286431975662708
1,0.9999999403953552,0.9999982118606567,0.9999980330467224,0.002026403322815895,0.002196210902184248
1,1.0,0.9999995827674866,0.999999463558197,0.001164617482572794,0.0012395663652569056
1,0.9999999403953552,0.9999999403953552,0.9999997615814209,0.000586045382078737,0.0005961541319265962
1,1.0,0.9999963045120239,0.9999959468841553,0.0026861061342060566,0.002834953833371401
2,0.99998939037323,0.9999971389770508,0.9999971389770508,0.0027609874960035086,0.0028420069720596075
1,0.9999999403953552,0.9999988675117493,0.9999986290931702,0.0015208707191050053,0.0016501700738444924
1,1.0,0.9999985098838806,0.9999982714653015,0.0021069070789963007,0.002240070141851902
1,1.0000001192092896,0.9999984502792358,0.9999982118606567,0.0018212442519143224,0.0019274611258879304
1,1.0,0.999998927116394,0.9999988675117493,0.0016476248856633902,0.0017261812463402748
1,1.0,0.999993085861206,0.9999916553497314,0.0037319979164749384,0.004126403015106916
2,0.9999849796295166,0.9999952912330627,0.9999949932098389,0.0030420890543609858,0.00313242943957448
1,1.0,0.9999979734420776,0.9999977350234985,0.002144727623090148,0.0022377599962055683
1,1.000000238418579,0.9999987483024597,0.9999986290931702,0.0014970103511586785,0.0016071040881797671
1,0.9999999403953552,0.9999997019767761,0.9999997019767761,0.0008199106086976826,0.0009832695359364152
1,1.0000001192092896,0.9999979734420776,0.9999977350234985,0.0026450122240930796,0.0028047412633895874
1,0.9999998211860657,0.9999983906745911,0.9999984502792358,0.002257365733385086,0.0021829043980687857
1,0.9999999403953552,0.9999995231628418,0.9999995231628418,0.0007548632565885782,0.0009288541041314602
1,1.0000001192092896,0.9999964237213135,0.9999957084655762,0.0028086688835173845,0.002970517845824361
1,0.9999999403953552,0.9999992251396179,0.9999992847442627,0.0012288432335481048,0.0013049505650997162
1,1.0000001192092896,0.9999970197677612,0.9999964237213135,0.0024622981436550617,0.002706944476813078
1,1.0,0.9999967813491821,0.9999958276748657,0.002913190983235836,0.003299294039607048
1,1.0,0.9999993443489075,0.9999987483024597,0.0013090757420286536,0.001607686746865511
2,0.9999955892562866,0.9999991655349731,0.9999988079071045,0.001493619056418538,0.0017786803655326366
1,1.000000238418579,0.9999990463256836,0.9999989867210388,0.0016782068414613605,0.0017131224740296602
1,0.9999998211860657,0.9999979734420776,0.9999979138374329,0.0023858544882386923,0.0024750931188464165
1,1.0,1.0,0.9999999403953552,0.000293844350380823,0.000368663837434724
1,0.9999999403953552,0.9999951124191284,0.9999935626983643,0.003371933475136757,0.0038136951625347137
1,0.9999998211860657,0.9999995827674866,0.999999463558197,0.0008142522419802845,0.000913105090148747
2,0.9999878406524658,0.9999978542327881,0.9999979138374329,0.0020941244438290596,0.0020977179519832134
1,1.0,0.9999993443489075,0.9999992847442627,0.00134566193446517,0.0014664274640381336
3,0.9999873042106628,0.9999940991401672,0.9999939203262329,0.003503629006445408,0.003595823422074318
1,0.9999998807907104,0.9999830722808838,0.999983012676239,0.0060593909583985806,0.006125805899500847
1,0.9999998807907104,0.9999951124191284,0.9999948143959045,0.005496289115399122,0.005666413810104132
1,0.9999999403953552,0.9999980330467224,0.9999979138374329,0.002001699758693576,0.00211323075927794
1,1.0000001192092896,0.9999325275421143,0.9999333620071411,0.01179100014269352,0.011739468201994896
1,1.0,0.9999998807907104,0.9999996423721313,0.0006427957559935749,0.0009310615132562816
1,0.9999998807907104,0.9999989867210388,0.9999990463256836,0.0014105401933193207,0.0014678316656500101
1,1.0,0.999998927116394,0.9999988079071045,0.0014313735300675035,0.0015673567540943623
1,1.0000001192092896,0.9999996423721313,0.9999994039535522,0.0009997489396482706,0.0012008335907012224
1,1.0000001192092896,0.9999985694885254,0.9999986290931702,0.0016229735920205712,0.0017053444171324372
1,1.0,0.9999959468841553,0.9999959468841553,0.002963789738714695,0.002951826900243759
1,0.9999999403953552,0.9999980330467224,0.9999978542327881,0.002453410532325506,0.002613498829305172
2,0.9999688863754272,0.9999973773956299,0.9999971389770508,0.002773212268948555,0.002857937477529049
1,0.9999999403953552,0.9999991655349731,0.999998927116394,0.0012606889940798283,0.0013995461631566286
1,0.9999998807907104,0.9999984502792358,0.9999983310699463,0.0017447011778131127,0.0018317329231649637
1,1.0,0.9999997019767761,0.9999995827674866,0.0009523105691187084,0.0010040077613666654
1,0.9999998807907104,0.9999996423721313,0.9999995231628418,0.0007912953733466566,0.000839860353153199
1,1.0000001192092896,0.9999966025352478,0.9999960660934448,0.0026214481331408024,0.0027713431045413017
1,1.0000001192092896,0.9999760389328003,0.9999756813049316,0.007145749405026436,0.007202027831226587
1,0.9999999403953552,0.9999988675117493,0.999998927116394,0.002187109552323818,0.00220560934394598
1,1.0,0.9999958276748657,0.9999955892562866,0.002884218469262123,0.0029807889368385077
1,1.0,0.9999828338623047,0.999983549118042,0.006301030982285738,0.006111604161560535
2,0.9999995231628418,0.9999973773956299,0.9999973773956299,0.002313771052286029,0.002335254568606615
3,0.9999912977218628,0.9999974370002747,0.999996542930603,0.002556835301220417,0.0027096259873360395
2,0.9999985694885254,0.9999989867210388,0.9999986886978149,0.002542705275118351,0.0025518450420349836
1,0.9999998807907104,0.9999977350234985,0.999997615814209,0.0022965462412685156,0.0024634457658976316
1,1.0000001192092896,0.9999973773956299,0.9999970197677612,0.002296631457284093,0.002421704353764653
1,1.0,0.9999972581863403,0.999996542930603,0.002952117007225752,0.0026805580127984285
1,0.9999999403953552,0.9999991059303284,0.9999991655349731,0.0019707975443452597,0.0019178108777850866
1,1.0,0.9999895095825195,0.9999890923500061,0.005348545499145985,0.0054501923732459545
1,0.9999999403953552,0.9999982714653015,0.9999980926513672,0.001970716519281268,0.0020863544195890427
1,1.000000238418579,0.9999999403953552,0.9999997615814209,0.0009078172734007239,0.0009426981559954584
1,1.000000238418579,0.9999991059303284,0.9999990463256836,0.0014071118785068393,0.0014145539607852697
1,1.0,0.9999997615814209,0.9999996423721313,0.000836296530906111,0.0008582781301811337
1,1.0000001192092896,0.9999983906745911,0.9999982118606567,0.0017943049315363169,0.001939487410709262
1,1.0,0.999998927116394,0.9999988079071045,0.0014445229899138212,0.0015262445667758584
1,0.9999999403953552,0.9999985694885254,0.9999983906745911,0.0019093954470008612,0.0019205963471904397
2,0.9999918937683105,0.9999977350234985,0.9999975562095642,0.0023904903791844845,0.002402371494099498
2,0.9999910593032837,0.9999958276748657,0.9999955892562866,0.0029342444613575935,0.0030257264152169228
1,0.9999998807907104,0.9999969601631165,0.9999967217445374,0.0025662370026111603,0.0025902793277055025
2,0.9988427758216858,0.9999957084655762,0.9999954700469971,0.0030784718692302704,0.003201857442036271
1,1.0,0.9999961853027344,0.9999961853027344,0.002977770520374179,0.003031865693628788
2,0.9999680519104004,0.999961256980896,0.9999602437019348,0.011893260292708874,0.01200307160615921
1,1.0,0.9999967217445374,0.9999966621398926,0.004582379944622517,0.004602871369570494
2,0.9999843835830688,0.9999664425849915,0.9999655485153198,0.01162391435354948,0.011644583195447922
2,0.9999796152114868,0.9999904036521912,0.9999893307685852,0.004560270346701145,0.004794063046574593
1,0.9999998807907104,0.9999802112579346,0.9999794363975525,0.008981294929981232,0.008996210992336273
1,1.0000001192092896,0.9999878406524658,0.9999876022338867,0.007273236755281687,0.007162434048950672
3,0.9984499216079712,0.9999611377716064,0.9999606609344482,0.01289583370089531,0.01288767158985138
2,0.9999972581863403,0.9999619722366333,0.9999630451202393,0.014393703080713749,0.014211449772119522
2,0.9976905584335327,0.9999894499778748,0.9999891519546509,0.006152631714940071,0.006205716170370579
1,0.9999998807907104,0.9999990463256836,0.9999990463256836,0.0015849212650209665,0.0016864694189280272
1,1.0,0.9999998807907104,1.0,0.0005538905970752239,0.0005959604168310761
1,1.0,0.9999995231628418,0.999999463558197,0.0010882220230996609,0.0010930707212537527
1,1.0,0.9999985098838806,0.9999982118606567,0.0016992645105347037,0.0018640912603586912
1,0.9999997615814209,0.9999977946281433,0.9999974966049194,0.0022055208683013916,0.002487157704308629
1,1.0,0.9999982714653015,0.9999982714653015,0.0022699572145938873,0.002249780111014843
1,0.9999999403953552,0.9999996423721313,0.999999463558197,0.0009806047892197967,0.001032453030347824
1,1.0,0.9999994039535522,0.999999463558197,0.0010758310090750456,0.00109205674380064
3,0.9996649026870728,0.9999876022338867,0.9999876022338867,0.0049537052400410175,0.004984376486390829
2,0.9997996091842651,0.9999859929084778,0.9999860525131226,0.005498774815350771,0.005537488963454962
2,0.9999930262565613,0.9999938011169434,0.9999932050704956,0.0039034162182360888,0.004291558172553778
1,1.0000001192092896,0.9999990463256836,0.999998927116394,0.001692059333436191,0.0017762754578143358
1,1.0,0.9999997019767761,0.9999995231628418,0.0008574738749302924,0.0009530421812087297
1,1.0000001192092896,0.9999982714653015,0.9999979138374329,0.002166225342079997,0.002367381937801838
2,0.9999417066574097,0.9999983310699463,0.9999982118606567,0.001867355895228684,0.0021685990504920483
1,0.9999999403953552,0.9999997019767761,0.9999991655349731,0.0007971213781274855,0.0014007855206727982
1,0.9999998807907104,0.9999997615814209,0.999999463558197,0.0009144088835455477,0.0010651082266122103
1,1.0,0.9999973773956299,0.999997079372406,0.0027322396636009216,0.0028521802742034197
1,1.0000001192092896,0.9999972581863403,0.9999969005584717,0.0023640876170247793,0.002537992550060153
1,1.0,0.9999972581863403,0.9999971985816956,0.0024031742941588163,0.002505338517948985
1,1.0,0.9999995231628418,0.9999997019767761,0.0008363731321878731,0.0008489867323078215
1,1.0,0.9999989867210388,0.9999984502792358,0.0015240981010720134,0.0019062577048316598
1,0.9999999403953552,0.9999839663505554,0.9999833106994629,0.007663077209144831,0.007955794222652912
1,1.0000001192092896,0.9999986290931702,0.9999985098838806,0.0018910616636276245,0.0019854004494845867
1,1.0,0.9999989867210388,0.9999988675117493,0.0014670523814857006,0.0015632419381290674
1,0.9999999403953552,1.0,1.0,0.0005025063874199986,0.0006992350099608302
1,1.0000001192092896,0.9999980926513672,0.9999976754188538,0.0020197140984237194,0.0021579391323029995
1,1.0,0.9999994039535522,0.9999994039535522,0.0011246451176702976,0.0011245330097153783
1,1.0,0.9999996423721313,0.9999995231628418,0.0010017729364335537,0.000968834210652858
1,0.9999998807907104,0.9999791979789734,0.9999786019325256,0.007001183927059174,0.007132147438824177
1,1.0,0.9999994039535522,0.9999994039535522,0.001210745656862855,0.0012022684095427394
2,0.9999349117279053,0.999997615814209,0.9999975562095642,0.00224855775013566,0.002275285078212619
1,0.9999999403953552,0.9999993443489075,0.9999991655349731,0.0011483359849080443,0.0012148114619776607
1,0.9999999403953552,0.9999994039535522,0.9999992847442627,0.0010547932470217347,0.0012290118029341102
1,1.0,0.9999788403511047,0.9999794960021973,0.006960411090403795,0.006886770017445087
1,1.0,0.9999983310699463,0.9999980926513672,0.001946486416272819,0.0019602454267442226
1,1.0,0.9999980926513672,0.9999975562095642,0.001992705976590514,0.002209776546806097
1,1.0,0.9999960064888,0.9999958276748657,0.00307757081463933,0.00315599562600255
3,0.999585747718811,0.9999976754188538,0.9999966621398926,0.002373279072344303,0.002837893320247531
3,0.9999613761901855,0.9999900460243225,0.9999889135360718,0.0045672692358493805,0.004796432796865702
2,0.9999784231185913,0.9999979138374329,0.9999975562095642,0.0020577306859195232,0.0022767966147512197
1,1.0000001192092896,0.9999994039535522,0.9999994039535522,0.0011856084456667304,0.0012815232621505857
1,1.0,0.9999987483024597,0.9999982118606567,0.0015812290366739035,0.0017802017973735929
1,1.0000001192092896,0.9999991655349731,0.9999989867210388,0.001436591730453074,0.0015517356805503368
2,0.9994794130325317,0.9999987483024597,0.9999975562095642,0.001740077743306756,0.002296736463904381
2,0.9999803304672241,0.9999929666519165,0.9999924302101135,0.0037549729458987713,0.003915037959814072
2,0.9999410510063171,0.9999985694885254,0.9999985098838806,0.0017771872226148844,0.0019480482442304492
1,1.0000001192092896,0.9999993443489075,0.9999989867210388,0.0013964286772534251,0.0015565172070637345
1,1.0,0.9999968409538269,0.9999967217445374,0.002446214435622096,0.002555568004027009
1,1.0,0.9999994039535522,0.9999991655349731,0.0012173214927315712,0.0014241772005334496
2,0.9999985098838806,0.9999986886978149,0.9999985694885254,0.0015851911157369614,0.0016588628059253097
1,0.9999998211860657,0.9999996423721313,0.9999995827674866,0.0010168420849367976,0.0010680840350687504
1,1.0000001192092896,0.9999973773956299,0.999997079372406,0.0024405866861343384,0.0025508881080895662
1,0.9999998807907104,0.9999992251396179,0.9999992847442627,0.0017086962470784783,0.0016723208827897906
1,0.9999998807907104,0.9999986886978149,0.9999984502792358,0.0024058357812464237,0.0024259500205516815
2,0.9999970197677612,0.999992847442627,0.9999916553497314,0.00395135348662734,0.00435517355799675
3,0.9999861121177673,0.9999937415122986,0.9999932050704956,0.0035685941111296415,0.0038326221983879805
3,0.9993047714233398,0.9999961256980896,0.9999950528144836,0.003118343884125352,0.004157645627856255
1,1.0,0.9999992251396179,0.9999990463256836,0.0012338575907051563,0.0013992093736305833
1,1.000000238418579,0.9999952912330627,0.9999949336051941,0.0033154571428894997,0.003520767902955413
2,0.9990082383155823,0.9999974966049194,0.9999966621398926,0.0027407235465943813,0.003687220858410001
2,0.9999956488609314,0.9999986290931702,0.9999988079071045,0.0016878722235560417,0.0017026254208758473
2,0.9999934434890747,0.9999951720237732,0.9999948740005493,0.0032331165857613087,0.0033797607757151127
3,0.999925971031189,0.9999839067459106,0.9999816417694092,0.006245388183742762,0.00626513222232461
1,1.0,0.9999950528144836,0.9999948740005493,0.0035305973142385483,0.003594393376260996
2,0.9999330043792725,0.9999964833259583,0.9999963641166687,0.0026582395657896996,0.002671003807336092
2,0.9998124241828918,0.9999732375144958,0.9999701380729675,0.008601931855082512,0.008400394581258297
1,0.9999998807907104,0.9999976754188538,0.9999974370002747,0.0027274228632450104,0.0026854733005166054
1,1.0,0.9999988079071045,0.9999984502792358,0.001675571664236486,0.001810822170227766
2,0.9999735355377197,0.9999960064888,0.9999954700469971,0.002805812517181039,0.0030153982806950808
1,0.9999998807907104,0.9999980330467224,0.9999975562095642,0.0025228264275938272,0.002584657398983836
1,1.0000001192092896,0.9999998807907104,0.9999992847442627,0.0007645303849130869,0.0013175044441595674
2,0.9999504089355469,0.9999974966049194,0.9999972581863403,0.002341774059459567,0.0024567460641264915
1,0.9999999403953552,0.999998927116394,0.9999989867210388,0.0014908931916579604,0.001490168273448944
1,1.0,0.9999985694885254,0.9999984502792358,0.0017707233782857656,0.0018530964152887464
3,0.9998840093612671,0.9999967217445374,0.9999964237213135,0.0027106455527246,0.0027793506160378456
1,0.9999999403953552,0.9999977946281433,0.9999972581863403,0.0020868685096502304,0.002398557960987091
2,0.9999392628669739,0.9999951720237732,0.9999944567680359,0.003097584005445242,0.003329587634652853
2,0.9998213648796082,0.9999967813491821,0.999996542930603,0.0025688454043120146,0.002668829867616296
2,0.9999334812164307,0.9999973177909851,0.9999968409538269,0.002614749362692237,0.002803381998091936
1,1.0,0.999999463558197,0.9999994039535522,0.001038423040881753,0.001130737946368754
1,1.0,0.9999849200248718,0.9999841451644897,0.005539695266634226,0.00565495016053319
1,0.9999998807907104,0.999999463558197,0.9999992847442627,0.001209205947816372,0.0013161179376766086
2,0.9999438524246216,0.9999968409538269,0.999996542930603,0.002615665551275015,0.0027261381037533283
1,0.9999998807907104,0.9999989867210388,0.999998927116394,0.0017422009259462357,0.0018690639408305287
2,0.9999718070030212,0.9999974966049194,0.9999967813491821,0.002253032987937331,0.0025943205691874027
1,1.0,0.9999986886978149,0.9999983310699463,0.0017144553130492568,0.0018893820233643055
1,1.0000001192092896,0.9999978542327881,0.9999972581863403,0.0021757883951067924,0.0024240496568381786
1,1.0,0.9999973773956299,0.9999966025352478,0.0024467408657073975,0.0028577346820384264
1,1.0,0.9999977946281433,0.999997615814209,0.002170521067455411,0.002304093213751912
1,0.9999998807907104,0.9999974966049194,0.9999970197677612,0.0023620137944817543,0.002657476579770446
1,1.0000001192092896,0.9999945163726807,0.9999940991401672,0.004407765809446573,0.004476320929825306
1,1.0000001192092896,0.9999953508377075,0.999995231628418,0.0036600357852876186,0.00366976298391819
1,1.0,0.999996542930603,0.9999967813491821,0.0028806827031075954,0.002836879575625062
1,1.0,0.999999463558197,0.9999993443489075,0.0009758628439158201,0.0010626963339745998
1,1.0,0.9999921917915344,0.9999916553497314,0.003989937249571085,0.004105817526578903
1,1.0,0.9999974370002747,0.9999971389770508,0.002284315414726734,0.002402371959760785
1,1.0,0.9999983906745911,0.9999977350234985,0.0017809792188927531,0.0022036361042410135
1,0.9999997615814209,0.9999984502792358,0.999998152256012,0.001804146682843566,0.0019410154782235622
1,0.9999999403953552,0.999999463558197,0.999999463558197,0.002072995761409402,0.0020804053638130426
1,1.0000001192092896,0.9999990463256836,0.9999990463256836,0.0014519721735268831,0.0014689321396872401
1,1.0000001192092896,0.9999980330467224,0.9999978542327881,0.0021377578377723694,0.0022535098250955343
1,1.0,0.9999994039535522,0.999998927116394,0.0010526817059144378,0.0013674558140337467
1,1.0,0.9999977350234985,0.9999975562095642,0.0025574578903615475,0.0025368297938257456
1,1.0,0.9999944567680359,0.999994158744812,0.003709756303578615,0.003833166090771556
1,1.0,0.9999979734420776,0.9999979138374329,0.0028829891234636307,0.0029199577402323484
1,1.0,0.9999977350234985,0.9999974966049194,0.0022028861567378044,0.002331748604774475
1,1.0,0.999999463558197,0.9999993443489075,0.0010887474054470658,0.001179492101073265
1,1.0,0.9999980926513672,0.9999979138374329,0.001999545842409134,0.00206553703173995
1,1.0,0.9999989867210388,0.9999988079071045,0.0014963848516345024,0.0015668844571337104
1,1.0,0.9999988079071045,0.9999989867210388,0.0016163885593414307,0.0014178589917719364
2,0.9999681711196899,0.9999968409538269,0.9999969601631165,0.003485335037112236,0.003348237369209528
1,1.0,0.9999995231628418,0.9999988079071045,0.0013313684612512589,0.0019500290509313345
1,1.0,0.9999988079071045,0.9999986886978149,0.0019001767504960299,0.0019672014750540257
2,0.9999949932098389,0.9999988675117493,0.9999988079071045,0.001519739511422813,0.0016341215232387185
1,0.9999998807907104,0.9999991655349731,0.9999991059303284,0.0012423843145370483,0.0013119344366714358
1,0.9999999403953552,0.9999988079071045,0.9999985694885254,0.001669622492045164,0.0019018184393644333
1,1.0000001192092896,0.9999997019767761,0.9999997615814209,0.0007821312174201012,0.0008305925293825567
1,1.0,0.9999949932098389,0.9999932646751404,0.003170856274664402,0.00370222982019186
3,0.9992361068725586,0.9999651312828064,0.9999657869338989,0.012022697366774082,0.012154278345406055
2,0.9999876618385315,0.999965488910675,0.9999659061431885,0.011516080237925053,0.011637132614850998
1,1.0,0.9999997615814209,0.9999997019767761,0.0005749021656811237,0.0006433232920244336
1,0.9999998807907104,0.9999986886978149,0.9999984502792358,0.002065520966425538,0.0022268700413405895
1,1.0000001192092896,0.9999989867210388,0.9999987483024597,0.001395494444295764,0.0015421640127897263
3,0.9999171495437622,0.9999949932098389,0.9999940395355225,0.0034678198862820864,0.003589000552892685
2,0.999952495098114,0.999995768070221,0.9999951124191284,0.0035721694584935904,0.003830598434433341
2,0.9998955130577087,0.9999982118606567,0.9999974966049194,0.002023886190727353,0.0021860715933144093
1,1.0000001192092896,0.9999983310699463,0.9999979734420776,0.002215030137449503,0.0024457352701574564
2,0.9999731779098511,0.9999951720237732,0.9999951720237732,0.003082976909354329,0.00313717988319695
1,0.9999999403953552,0.9999984502792358,0.9999983906745911,0.001940328162163496,0.0019362044986337423
1,0.9999999403953552,0.9999982714653015,0.9999983310699463,0.0018732333555817604,0.0018541405443102121
1,1.0,0.9999995231628418,0.9999994039535522,0.001101396861486137,0.00121539575047791
1,0.9999999403953552,0.9999994039535522,0.9999991655349731,0.001081951311789453,0.001325783203355968
1,0.9999998807907104,0.9999898672103882,0.9999867677688599,0.005115775857120752,0.0059524402022361755
1,1.0,0.9999975562095642,0.9999975562095642,0.0022325546015053988,0.002266830764710903
1,1.0000001192092896,0.9999988079071045,0.9999986290931702,0.001565503072924912,0.001790366368368268
1,1.0,0.99998539686203,0.9999827146530151,0.005513371434062719,0.00599678372964263
1,1.0,0.9999974966049194,0.9999972581863403,0.002252080710604787,0.0023362748324871063
1,0.9999999403953552,0.9999988675117493,0.9999985098838806,0.0018307184800505638,0.0020788421388715506
2,0.9999793767929077,0.9999954104423523,0.9999939203262329,0.0034642464015632868,0.004024834372103214
1,0.9999998807907104,0.9999992847442627,0.9999990463256836,0.00126854598056525,0.001296310918405652
1,1.0,0.999996542930603,0.9999964833259583,0.0026142075657844543,0.002592191332951188
1,1.0000001192092896,0.9999978542327881,0.9999973773956299,0.0021474717650562525,0.0023548719473183155
1,1.0000001192092896,0.9999998211860657,0.9999995827674866,0.0005864464910700917,0.0007794992416165769
1,0.9999999403953552,0.9999995231628418,0.9999993443489075,0.0008646623464301229,0.0012393682263791561
1,0.9999998807907104,0.9999989867210388,0.9999988079071045,0.0014752979623153806,0.001627155696041882
1,1.0,0.9999992847442627,0.9999990463256836,0.0015514236874878407,0.0015330021269619465
1,1.0,0.9999997615814209,0.9999998211860657,0.0007771289092488587,0.0007898619514890015
1,0.9999998807907104,0.9999976754188538,0.9999973773956299,0.0021004313603043556,0.002279312117025256
1,1.0,0.9999999403953552,0.9999997615814209,0.0002779745263978839,0.00046164452214725316
1,0.9999998807907104,0.9999992847442627,0.9999991059303284,0.0014345201198011637,0.0018224354134872556
1,1.0,0.9999991059303284,0.9999990463256836,0.0012843089643865824,0.0013130053412169218
1,0.9999998807907104,0.9999994039535522,0.9999992251396179,0.0012641791254281998,0.0015137521550059319
1,0.9999999403953552,0.999969482421875,0.9999683499336243,0.007836162112653255,0.008046941831707954
1,0.9999999403953552,0.9999957084655762,0.9999954104423523,0.002948808018118143,0.0030407309532165527
1,1.0,0.9999933838844299,0.9999911189079285,0.004814780317246914,0.005988105665892363
1,1.0,0.9999995827674866,0.9999994039535522,0.0010110666044056416,0.0011744726216420531
1,1.0000001192092896,0.999996542930603,0.9999960064888,0.002753152512013912,0.002822162816300988
1,1.0,0.9999967217445374,0.9999966621398926,0.0030721467919647694,0.00309724360704422
1,1.0,0.9999998807907104,0.9999998807907104,0.0004591731121763587,0.0006310595199465752
2,0.9999502897262573,0.9999816417694092,0.9999803304672241,0.006973200477659702,0.007496103644371033
1,0.9999999403953552,0.999981701374054,0.9999814033508301,0.006976443808525801,0.007253802847117186
1,0.9999998807907104,0.9999961853027344,0.9999960660934448,0.0029465616680681705,0.0029831789433956146
1,1.0,0.999989926815033,0.9999889135360718,0.00458644749596715,0.004825372248888016
1,1.0000001192092896,0.9999954104423523,0.9999945163726807,0.003088098717853427,0.00335175939835608
1,1.0,0.9999979138374329,0.9999980926513672,0.002728816820308566,0.0026618908159434795
1,1.0,0.9999943375587463,0.9999936819076538,0.003347458317875862,0.003561153309419751
1,1.0000001192092896,0.9999974966049194,0.9999971389770508,0.0022265175357460976,0.0023663463070988655
1,0.9999999403953552,0.9999973177909851,0.9999971389770508,0.002622307511046529,0.002636413089931011
1,1.0000001192092896,0.999993622303009,0.9999936819076538,0.0037813992239534855,0.0037549121771007776
1,1.0000001192092896,0.9999994039535522,0.9999992847442627,0.001195550779812038,0.0013902276987209916
1,0.9999999403953552,0.9999969601631165,0.9999959468841553,0.0024401634000241756,0.0027959260623902082
1,0.9999999403953552,0.9999997615814209,0.9999997019767761,0.0006924569606781006,0.0007899610209278762
1,1.0000001192092896,0.9999984502792358,0.999998152256012,0.0017676973948255181,0.0019517039181664586
1,0.9999998807907104,0.9999617338180542,0.9999638795852661,0.009997151792049408,0.009499374777078629
1,1.0,0.9999990463256836,0.9999988079071045,0.0016317551489919424,0.00165656884200871
1,1.0,0.9999591112136841,0.999955952167511,0.011471355333924294,0.011954331770539284
1,1.0,0.9999976754188538,0.9999972581863403,0.0021980360615998507,0.0023828684352338314
1,0.9999998211860657,0.9999974966049194,0.9999972581863403,0.002249445067718625,0.0023815741296857595
1,1.0000001192092896,0.9999940991401672,0.9999935030937195,0.003440317464992404,0.003644973039627075
1,1.0000001192092896,0.9999995231628418,0.9999992251396179,0.0011760042980313301,0.001273507485166192
1,1.0,0.9999997615814209,0.999999463558197,0.0008955142111517489,0.0010737312259152532
1,0.9999999403953552,0.9999992847442627,0.9999992847442627,0.0015349806053563952,0.001479500439018011
2,0.9999997019767761,0.9999988675117493,0.9999983310699463,0.0015948470681905746,0.0017778746550902724
1,0.9999999403953552,0.9999987483024597,0.9999982118606567,0.0017849295400083065,0.00195915624499321
2,0.9999984502792358,0.9999916553497314,0.9999912977218628,0.004127763211727142,0.004190504550933838
1,1.0000001192092896,0.9999996423721313,0.9999996423721313,0.0008398818899877369,0.0008547537727281451
2,0.9999984502792358,0.9999975562095642,0.9999969601631165,0.0022665432188659906,0.002486288780346513
1,0.9999999403953552,1.0,1.0,0.00023725030769128352,0.00039033181383274496
2,0.9999997615814209,0.9999988079071045,0.9999988079071045,0.0017526212614029646,0.001769635477103293
1,1.0,0.9999987483024597,0.9999984502792358,0.0018425899324938655,0.0019226070726290345
1,1.0000001192092896,0.9999991655349731,0.999998927116394,0.0013908515684306622,0.001521467580460012
3,0.9999951124191284,0.999997615814209,0.9999971389770508,0.0022476320154964924,0.002430998720228672
1,1.0,0.9999951720237732,0.999994695186615,0.0032927978318184614,0.003408371936529875
1,0.9999999403953552,0.9999990463256836,0.999998927116394,0.0014748023822903633,0.0015169628895819187
1,0.9999998807907104,0.9999995231628418,0.9999995231628418,0.0009257409255951643,0.0009977610316127539
1,0.9999997615814209,0.9999975562095642,0.9999973773956299,0.003251124871894717,0.0032987911254167557
1,1.0000001192092896,0.9999997019767761,0.9999996423721313,0.0007732200901955366,0.0008876451174728572
1,0.9999998807907104,0.9999957084655762,0.9999955296516418,0.0031378299463540316,0.0032177853863686323
1,1.0000001192092896,0.9999997615814209,0.999999463558197,0.0009437200496904552,0.001117486390285194
1,1.0000001192092896,0.9999987483024597,0.9999985098838806,0.0017929907189682126,0.0018207429675385356
1,1.0,0.9999995827674866,0.9999995827674866,0.0009288244182243943,0.0009532860131002963
1,1.0000001192092896,0.9999924302101135,0.9999911785125732,0.004862610716372728,0.005265307612717152
1,1.0000001192092896,0.9999985694885254,0.9999979138374329,0.0017356900498270988,0.0020844510290771723
1,0.9999998807907104,0.9999988675117493,0.9999986290931702,0.0016458261525258422,0.001776425284333527
1,0.9999998807907104,0.9999961256980896,0.9999954700469971,0.002752754371613264,0.0029873857274651527
2,0.9999906420707703,0.9999979138374329,0.9999971985816956,0.0020640240982174873,0.0023665097542107105
1,1.0000001192092896,0.9999987483024597,0.9999986886978149,0.0015807542949914932,0.0016690660268068314
1,0.9999998211860657,0.9999987483024597,0.9999985098838806,0.0016156260389834642,0.0016608660807833076
1,1.0,0.9999606609344482,0.9999590516090393,0.008887163363397121,0.009032564237713814
1,1.0000001192092896,0.9999961256980896,0.9999956488609314,0.004490760155022144,0.005124839022755623
1,1.0,0.9999986886978149,0.9999982118606567,0.0018137340666726232,0.002356375101953745
1,1.0000001192092896,0.9999996423721313,0.9999993443489075,0.0009342535049654543,0.0010475050657987595
1,1.0000001192092896,0.9999985098838806,0.9999983310699463,0.0019398201256990433,0.002054940676316619
1,1.0,0.9999949336051941,0.9999948740005493,0.0032635373063385487,0.003289957530796528
1,1.0000001192092896,0.9999983310699463,0.9999983906745911,0.0019208438461646438,0.0019368774956092238
1,1.0000001192092896,0.9999986290931702,0.9999984502792358,0.0016966795083135366,0.0018432264914736152
1,0.9999999403953552,0.9999968409538269,0.9999969005584717,0.0025175921618938446,0.0025888371746987104
1,1.0,0.9999979734420776,0.9999979734420776,0.00201690336689353,0.0020200982689857483
1,0.9999999403953552,0.9999985694885254,0.9999985098838806,0.0016455583972856402,0.0017320004990324378
1,1.0,0.999998927116394,0.999998927116394,0.0015806489391252398,0.001568198436871171
1,1.0000001192092896,0.9999979734420776,0.9999977350234985,0.0020441818051040173,0.0022084058728069067
1,0.9999998807907104,0.9999992251396179,0.9999991655349731,0.0012647693511098623,0.0013636044459417462
1,1.0,0.999997615814209,0.9999974966049194,0.002278428990393877,0.0024259069468826056
1,1.0000001192092896,0.9999964237213135,0.9999961853027344,0.0027568938676267862,0.002766149817034602
1,0.9999998807907104,0.9999992251396179,0.9999992251396179,0.0012111237738281488,0.001283713965676725
1,0.9999998807907104,0.9999976754188538,0.999997615814209,0.0023050103336572647,0.0023908147122710943
1,1.0,0.9999993443489075,0.9999992251396179,0.0010633199708536267,0.0013777787098661065
1,0.9999999403953552,0.9999994039535522,0.9999992847442627,0.0016666045412421227,0.0016711368225514889
1,0.9999999403953552,0.999998927116394,0.9999988675117493,0.001451654126867652,0.0014842862728983164
1,0.9999998807907104,0.9999982118606567,0.9999978542327881,0.0019523740047588944,0.002105577616021037
1,1.0,1.0000001192092896,1.0,1.2773219149053716e-09,0.0002553142257966101
1,1.0,0.9999998211860657,0.9999997615814209,0.0008346465183421969,0.0009087954531423748
1,1.0,0.9999985694885254,0.9999982714653015,0.0016224427381530404,0.001873763045296073
1,1.0,0.9999878406524658,0.9999861121177673,0.005964756011962891,0.006518010050058365
1,1.0000001192092896,0.9999963641166687,0.9999964237213135,0.002795431762933731,0.0028250727336853743
1,1.0,0.9999992847442627,0.9999994039535522,0.0012901269365102053,0.0013390486128628254
1,1.0,0.9999723434448242,0.9999722838401794,0.007819781079888344,0.007858384400606155
1,1.0000001192092896,0.999998927116394,0.999998927116394,0.001534581184387207,0.0016012139385566115
1,1.0,0.9999989867210388,0.9999988675117493,0.0016847607912495732,0.0016869407845661044
1,1.0,0.9999988079071045,0.9999986886978149,0.001598053378984332,0.0016574575565755367
1,1.0000001192092896,0.9999995827674866,0.9999995231628418,0.0013078886549919844,0.001861088559962809
1,0.9999999403953552,0.9999993443489075,0.9999991655349731,0.001369988895021379,0.0014650984667241573
1,1.0000001192092896,0.9999961853027344,0.9999955892562866,0.002847673837095499,0.0029989376198500395
1,0.9999998807907104,0.9999951720237732,0.9999953508377075,0.003155490616336465,0.0030631390400230885
1,0.9999999403953552,0.9999988675117493,0.9999985098838806,0.0015874188393354416,0.0017445975681766868
1,1.0,0.9999997615814209,0.9999998807907104,0.0006117544253356755,0.0006749907624907792
2,0.9999979734420776,0.9999995231628418,0.9999995231628418,0.0010213250061497092,0.0010125406552106142
1,0.9999999403953552,0.9999992847442627,0.9999993443489075,0.001119736465625465,0.0011362486984580755
1,1.0,0.9999961853027344,0.9999958872795105,0.002851346042007208,0.003006935818120837
1,1.0000001192092896,0.9999976754188538,0.9999975562095642,0.002162725431844592,0.002222284208983183
1,1.0000001192092896,0.9999986886978149,0.9999983310699463,0.0016391315730288625,0.0018375477520748973
1,0.9999999403953552,0.9999889135360718,0.9999885559082031,0.0053480626083910465,0.0054353950545191765
1,1.0,0.9999995231628418,0.9999994039535522,0.001151823322288692,0.0012083952315151691
1,1.0,0.9999980926513672,0.9999977350234985,0.001961003290489316,0.002111142734065652
1,1.0000001192092896,0.9999991655349731,0.9999986886978149,0.0017333177383989096,0.0020520666148513556
1,0.9999999403953552,0.999988317489624,0.9999882578849792,0.0061537837609648705,0.006191649939864874
1,1.0000001192092896,0.9999996423721313,0.9999997615814209,0.0007023587240837514,0.0007561726379208267
1,1.0,0.9999963641166687,0.9999963045120239,0.0031423650216311216,0.0032186477910727262
1,0.9999999403953552,0.9999969005584717,0.9999964833259583,0.0027329332660883665,0.002746742917224765
1,1.0000001192092896,0.9999977350234985,0.9999976754188538,0.002099148463457823,0.0021477697882801294
1,1.0000001192092896,0.9999997019767761,0.9999997019767761,0.0006190220592543483,0.0006615958991460502
1,0.9999999403953552,0.9999933838844299,0.999992847442627,0.003688675118610263,0.0038167054299265146
1,1.0,0.9999997019767761,0.9999997615814209,0.0010253663640469313,0.00099573761690408
1,1.0,0.9999958276748657,0.9999957084655762,0.0030453482177108526,0.0030895143281668425
1,1.0,0.9999996423721313,0.9999994039535522,0.0008825521217659116,0.0013444197829812765
1,1.0000001192092896,0.9999985098838806,0.9999980926513672,0.0018426083261147141,0.002037219237536192
2,0.999932050704956,0.9999958276748657,0.9999948740005493,0.0030625383369624615,0.0034274468198418617
1,1.0,0.9999985098838806,0.9999982714653015,0.0020519541576504707,0.0022933685686439276
1,1.0,0.9999980926513672,0.9999977946281433,0.0019386510830372572,0.002102538710460067
1,1.0,0.9999997615814209,0.9999997019767761,0.0010709785856306553,0.0011652709217742085
1,1.0,0.9999943971633911,0.999994158744812,0.0034280994441360235,0.0034745479933917522
1,0.9999998807907104,0.9999992251396179,0.9999991655349731,0.0013853106647729874,0.0014598058769479394
1,0.9999998807907104,0.9999787211418152,0.9999784231185913,0.006917548831552267,0.006959863938391209
1,1.0000001192092896,0.9999998807907104,0.9999997615814209,0.0002703517966438085,0.0006573568098247051
2,1.0,0.9999997019767761,0.9999994039535522,0.0006396789685823023,0.0009679743088781834
1,0.9999998807907104,0.9999975562095642,0.9999967217445374,0.0022211913019418716,0.002549845026805997
1,1.0,0.9999910593032837,0.9999903440475464,0.004360546823590994,0.00448722904548049
1,0.9999998807907104,0.9999995231628418,0.9999995231628418,0.0009693299070931971,0.001005391008220613
1,0.9999999403953552,0.9999971389770508,0.9999969601631165,0.0024968457873910666,0.0025521463248878717
1,0.9999999403953552,0.9999992847442627,0.9999990463256836,0.0013975835172459483,0.0014404208632186055
2,0.9997241497039795,0.9999901652336121,0.999988853931427,0.0050268108025193214,0.0053140344098210335
1,1.0,0.9999884366989136,0.9999874830245972,0.005392026621848345,0.005575881339609623
1,1.0,0.9999994039535522,0.9999992847442627,0.0010684761218726635,0.0012474573450163007
1,1.0,0.9999971985816956,0.9999960064888,0.005856745410710573,0.006735791452229023
1,1.0000001192092896,0.9999980926513672,0.9999977946281433,0.002122114645317197,0.0021689049899578094
1,1.0,0.9999908208847046,0.9999905824661255,0.01064520888030529,0.010772790759801865
1,1.0,0.9999990463256836,0.999998927116394,0.0014661024324595928,0.0015205140225589275
1,0.9999999403953552,0.9999989867210388,0.9999988675117493,0.0014081884874030948,0.0015350200701504946
1,1.0,0.9999983310699463,0.999998152256012,0.0018947741482406855,0.001935086795128882
1,1.0,0.9999996423721313,0.9999995231628418,0.0009883478051051497,0.0010773303220048547
1,1.0,0.9999992847442627,0.9999991655349731,0.0011681667529046535,0.0012148701352998614
1,1.0,0.9999980330467224,0.9999980330467224,0.0020691114477813244,0.002087028929963708
1,1.0,0.9999985098838806,0.9999985694885254,0.0017050367314368486,0.001685818308033049
1,1.0,0.9999933838844299,0.9999929070472717,0.0036536867264658213,0.0037925096694380045
1,1.0,0.999999463558197,0.9999994039535522,0.000995589536614716,0.0011090370826423168
1,1.0,0.9999980330467224,0.9999971985816956,0.0023130562622100115,0.002593628130853176
2,0.999948263168335,0.9999976754188538,0.9999970197677612,0.0021643568761646748,0.002507613506168127
1,0.9999998807907104,0.999998152256012,0.9999974370002747,0.0020176521502435207,0.0022354540415108204
1,1.0000001192092896,0.9999974370002747,0.999997079372406,0.0022633415646851063,0.00242558098398149
1,0.9999998807907104,0.9999986290931702,0.9999985098838806,0.0017397325718775392,0.0018061200389638543
1,0.9999999403953552,0.9999998211860657,0.9999998807907104,0.0007397497538477182,0.0007804934866726398
1,1.0,0.9999986290931702,0.9999986290931702,0.0018362619448453188,0.0018497502896934748
1,1.0,0.9999992251396179,0.9999992847442627,0.0015501374145969748,0.001589219900779426
1,1.0,0.9999985098838806,0.9999983310699463,0.0017076614312827587,0.0018501302693039179
2,0.9999754428863525,0.9999949336051941,0.9999945759773254,0.0033602737821638584,0.0033349408768117428
1,1.0,0.9999950528144836,0.9999948740005493,0.0032356518786400557,0.00330601679161191
1,1.000000238418579,0.9999991059303284,0.9999990463256836,0.001396147650666535,0.0013627313310280442
1,1.0,0.999992847442627,0.9999926686286926,0.0037888966035097837,0.0038326706271618605
1,0.9999999403953552,0.9999983310699463,0.9999983310699463,0.002109490567818284,0.002143931109458208
1,1.0000001192092896,0.9999990463256836,0.9999991059303284,0.0015920564765110612,0.0016209189780056477
1,1.0,0.9999887347221375,0.9999877214431763,0.004787002224475145,0.0050123222172260284
2,0.9999957084655762,0.9999862909317017,0.9999852776527405,0.005221269559115171,0.005425344221293926
1,0.9999999403953552,0.9999963045120239,0.9999955892562866,0.002747737104073167,0.0031539807096123695
1,1.0,0.9999991059303284,0.9999991059303284,0.0013848199741914868,0.0014109696494415402
1,1.0000001192092896,0.9999988079071045,0.9999989867210388,0.001463921507820487,0.0014770162524655461
1,1.0000001192092896,0.9999987483024597,0.9999985098838806,0.0017042404506355524,0.0018603111384436488
1,1.0000001192092896,0.9999977946281433,0.9999971985816956,0.00246438873000443,0.0027286414988338947
2,0.9999983310699463,0.9999983310699463,0.9999980330467224,0.002115936018526554,0.0022113225422799587
1,1.0000001192092896,0.9999997615814209,0.9999998807907104,0.00032120829564519227,0.0004040414351038635
1,1.0,0.9999961256980896,0.9999960064888,0.0029108349699527025,0.003043379867449403
1,1.0,0.9999889135360718,0.9999867081642151,0.00495145283639431,0.005434026475995779
1,1.0,0.9999988079071045,0.9999988079071045,0.001671197242103517,0.0015456659020856023
2,0.999990701675415,0.9999847412109375,0.9999818801879883,0.005782542284578085,0.006269368808716536
1,1.0,0.9999992251396179,0.999998927116394,0.0011862358078360558,0.0012796858791261911
1,0.9999999403953552,0.9999972581863403,0.9999972581863403,0.003564806655049324,0.0034557501785457134
2,0.9999910593032837,0.999990701675415,0.9999901056289673,0.006142506375908852,0.0062353224493563175
1,0.9999999403953552,0.9999983906745911,0.9999984502792358,0.002035947050899267,0.002025293419137597
1,1.0,0.9999985694885254,0.9999982714653015,0.0018681904766708612,0.0020437578205019236
2,0.9999043941497803,0.9999568462371826,0.9999569654464722,0.009487816132605076,0.00945610087364912
1,1.0,0.9999998807907104,0.9999996423721313,0.0007316513801924884,0.0007737592677585781
1,1.0,0.9999982714653015,0.9999980330467224,0.0019159086514264345,0.0020187641493976116
1,1.0000001192092896,0.9999993443489075,0.9999993443489075,0.001230001449584961,0.0012521108146756887
1,1.0,0.9999980926513672,0.9999980330467224,0.002043569926172495,0.002050347626209259
1,1.0,0.9999985694885254,0.9999982118606567,0.0018007629550993443,0.0019990119617432356
1,0.9999997615814209,0.9999969005584717,0.999996542930603,0.002534416038542986,0.0026662349700927734
1,1.0,0.9999983906745911,0.9999980330467224,0.0018338346853852272,0.0019768455531448126
1,1.0,1.0,0.9999999403953552,0.0005639863666146994,0.0006131224217824638
1,0.9999998807907104,0.9999980926513672,0.9999980926513672,0.0021061880979686975,0.0021760433446615934
1,1.0000001192092896,0.999969482421875,0.9999688267707825,0.012608007527887821,0.013129171915352345
1,1.0,0.9999998211860657,0.999999463558197,0.0007125402335077524,0.0012834586668759584
2,0.999998927116394,0.9999989867210388,0.9999983906745911,0.0017640034202486277,0.002102121477946639
1,0.9999999403953552,0.9999986886978149,0.9999985694885254,0.0016846731305122375,0.001817840151488781
1,1.0,0.9999992847442627,0.9999991655349731,0.0011834809556603432,0.0012945651542395353
1,1.0,0.9999977350234985,0.9999978542327881,0.0027783603873103857,0.0022431809920817614
1,0.9999999403953552,0.9999967217445374,0.9999967813491821,0.0025865042116492987,0.002603101311251521
1,1.0000001192092896,0.9999949932098389,0.9999946355819702,0.0035701559390872717,0.003677253844216466
1,1.0,0.9999952912330627,0.9999949932098389,0.0031119422055780888,0.0032080230303108692
1,0.9999999403953552,0.9999963641166687,0.9999961256980896,0.002760158386081457,0.0029785705264657736
1,1.0,0.9999987483024597,0.9999986886978149,0.0015864165034145117,0.0017146249301731586
1,0.9999999403953552,0.9999992251396179,0.9999991655349731,0.0012603946961462498,0.0012913963291794062
1,1.0,0.9999961256980896,0.9999958872795105,0.0028211495373398066,0.002879910869523883
1,0.9999999403953552,0.9999948740005493,0.9999945163726807,0.003278259187936783,0.0033102731686085463
1,1.0,0.9999992251396179,0.9999989867210388,0.001385133364237845,0.0015360066900029778
1,1.0,0.9999980330467224,0.9999977946281433,0.002168928273022175,0.002256702398881316
1,1.0,0.9999955892562866,0.9999944567680359,0.0032525428105145693,0.003535677446052432
1,1.000000238418579,0.9999958872795105,0.9999960660934448,0.0028252596966922283,0.0028248531743884087
1,1.0,0.9999982714653015,0.999998152256012,0.002454377943649888,0.0026190225034952164
1,1.0,0.9999983906745911,0.9999983906745911,0.001781423925422132,0.0017906432040035725
1,1.0,0.9999946355819702,0.9999943971633911,0.003298525931313634,0.0033753723837435246
1,0.9999998211860657,0.9999961853027344,0.9999958276748657,0.003750971518456936,0.0037574516609311104
2,0.9999923706054688,0.9999916553497314,0.9999905228614807,0.0066885994747281075,0.007000057492405176
1,0.9999999403953552,0.9999918937683105,0.9999899864196777,0.006921457592397928,0.007393255829811096
2,0.9999986290931702,0.9999837875366211,0.9999825954437256,0.005729526747018099,0.005989121273159981
1,1.0,0.9999833106994629,0.9999821186065674,0.0058004530146718025,0.006003032438457012
1,1.0,0.9999972581863403,0.9999970197677612,0.0032728645019233227,0.0035128453746438026
1,0.9999999403953552,0.9999962449073792,0.9999960660934448,0.0029039049986749887,0.0028918860480189323
1,0.9999999403953552,0.9999968409538269,0.9999966621398926,0.002522845286875963,0.0026187757030129433
1,0.9999999403953552,0.9999988675117493,0.9999986290931702,0.0018121706089004874,0.0018640273483470082
1,0.9999999403953552,0.9999961853027344,0.9999960660934448,0.00272563798353076,0.0027935660909861326
1,1.0000001192092896,0.9999972581863403,0.9999969601631165,0.0024247418623417616,0.002654785057529807
1,1.0,0.9999987483024597,0.9999985098838806,0.003104274393990636,0.003156163264065981
1,1.000000238418579,0.9999997019767761,0.9999996423721313,0.0007582094403915107,0.0009786318987607956
2,0.9999872446060181,0.9999954700469971,0.9999946355819702,0.003085941541939974,0.003420641180127859
1,1.0000001192092896,0.9999977946281433,0.9999977946281433,0.00266587664373219,0.0026765475049614906
1,1.0000001192092896,0.9999985694885254,0.9999980926513672,0.0016915352316573262,0.0019271883647888899
1,1.0,0.9999991655349731,0.999998927116394,0.0015499874716624618,0.0016735839890316129
1,0.9999998807907104,0.9999930262565613,0.9999918341636658,0.004422972444444895,0.004772312939167023
1,1.0,0.9999990463256836,0.9999988079071045,0.0013328786008059978,0.001495097647421062
1,0.9999998807907104,0.9999983310699463,0.9999973773956299,0.0019346980843693018,0.0023295418359339237
1,0.9999999403953552,0.9999995827674866,0.9999992847442627,0.001024116761982441,0.0013490597484633327
1,1.0000001192092896,0.9999973773956299,0.9999973177909851,0.0026561268605291843,0.0027072359807789326
1,1.0,0.9999966621398926,0.9999955296516418,0.00337322149425745,0.0035639707930386066
1,0.9999998807907104,0.9999974966049194,0.9999973177909851,0.0022594272159039974,0.002334046410396695
1,0.9999999403953552,0.9999877214431763,0.999984622001648,0.00499974237754941,0.005565207917243242
1,0.9999998807907104,0.9999991059303284,0.9999990463256836,0.0014037712244316936,0.0014979911502450705
1,0.9999999403953552,0.9999837279319763,0.9999831914901733,0.0056989178992807865,0.0058332327753305435
1,0.9999999403953552,0.9999996423721313,0.9999995231628418,0.0009083204786293209,0.0009241412626579404
1,0.9999998807907104,0.9999958276748657,0.9999960064888,0.0031743566505610943,0.0031235029455274343
1,0.9999997615814209,0.9999988079071045,0.9999986886978149,0.0015671952860429883,0.001641661743633449
1,1.0,0.9999972581863403,0.9999971985816956,0.003499159589409828,0.0036045401357114315
1,0.9999998807907104,0.9999967813491821,0.9999962449073792,0.002773163141682744,0.0029940512031316757
1,1.0000001192092896,0.9999732375144958,0.9999727010726929,0.00834529846906662,0.008435389026999474
2,0.9999927878379822,0.9999809265136719,0.9999810457229614,0.00764750549569726,0.007619503419846296
1,0.9999998807907104,0.999998927116394,0.9999986886978149,0.0015365836443379521,0.0016013088170439005
2,0.999998152256012,0.9999975562095642,0.9999974966049194,0.002301834523677826,0.002280820393934846
1,1.0,0.9999983906745911,0.9999983310699463,0.0019227963639423251,0.0019278046675026417
1,0.9999998807907104,0.9999881386756897,0.999988317489624,0.005008433945477009,0.004949393216520548
1,1.0,0.9999992251396179,0.9999990463256836,0.001267257030121982,0.0013479208573698997
1,1.0,0.9999967813491821,0.999996542930603,0.003677061991766095,0.003932383842766285
2,0.99996417760849,0.9999986886978149,0.9999978542327881,0.0016150997253134847,0.0021293428726494312
1,0.9999998807907104,0.9999986886978149,0.999998152256012,0.0016100808279588819,0.001973529579117894
1,1.0000001192092896,0.9999983310699463,0.9999980330467224,0.0017753023421391845,0.002001312095671892
1,1.0,0.9999986886978149,0.9999984502792358,0.0027976310811936855,0.0030110361985862255
1,1.0000001192092896,0.9999982118606567,0.9999979734420776,0.0019151847809553146,0.0020349982660263777
1,0.9999999403953552,0.9999995827674866,0.9999994039535522,0.001010580570437014,0.001052307547070086
2,0.9999942779541016,0.9999992847442627,0.999998927116394,0.00164480519015342,0.0016675930237397552
1,1.0000001192092896,0.9999997019767761,0.9999996423721313,0.0014952216297388077,0.0014617316192016006
1,1.0,0.999991774559021,0.9999910593032837,0.004576448816806078,0.0046575069427490234
1,1.0,0.999999463558197,0.9999993443489075,0.0012362790293991566,0.0012662223307415843
1,1.0000001192092896,0.9999991655349731,0.999998927116394,0.001294929999858141,0.0014475142816081643
1,1.0,0.999992847442627,0.9999926090240479,0.004986417945474386,0.00506591796875
1,1.0,0.9999932646751404,0.9999926090240479,0.003943506628274918,0.004100952763110399
1,0.9999998807907104,0.9999986886978149,0.9999983310699463,0.0016777138225734234,0.001824654988013208
1,0.9999998807907104,0.9999988079071045,0.9999985098838806,0.0016950606368482113,0.0017714756540954113
1,0.9999998807907104,0.9999996423721313,0.9999995827674866,0.0010975624900311232,0.0010673732031136751
1,0.9999998807907104,0.9999977350234985,0.9999976754188538,0.0021939887665212154,0.0022542367223650217
1,1.0000001192092896,0.9999971389770508,0.9999969601631165,0.0027077433187514544,0.002791858045384288
1,0.9999999403953552,0.9999986886978149,0.9999984502792358,0.0017046313732862473,0.0018411396304145455
1,0.9999999403953552,0.999997079372406,0.9999966621398926,0.002436700975522399,0.002592339413240552
1,0.9999999403953552,0.9999988079071045,0.9999986886978149,0.0016653190832585096,0.0017981003038585186
1,0.9999998807907104,0.9999994039535522,0.9999993443489075,0.0010824910132214427,0.001139537780545652
2,0.9999958276748657,0.9999977350234985,0.9999977350234985,0.00215969723649323,0.002192205749452114
1,1.0000001192092896,0.9999992847442627,0.999998927116394,0.001232630922459066,0.001449177972972393
1,0.9999999403953552,0.9999995827674866,0.9999995231628418,0.0009613634319975972,0.0009698728681541979
1,0.9999998807907104,0.9999984502792358,0.9999980330467224,0.0018411761848255992,0.0020660364534705877
1,1.0000001192092896,0.9999983906745911,0.9999979734420776,0.002025751629844308,0.0022707439493387938
1,0.9999999403953552,0.9999992847442627,0.9999991655349731,0.0011558025144040585,0.0012446633772924542
1,1.0,0.9999995231628418,0.9999992251396179,0.000894914788659662,0.0014103107387199998
1,0.9999999403953552,0.9999996423721313,0.9999993443489075,0.0010301051661372185,0.0015238117193803191
1,1.0,0.9999986886978149,0.9999987483024597,0.001619588234461844,0.0016486215172335505
1,0.9999998807907104,0.9999974370002747,0.9999969005584717,0.002680885838344693,0.00272483192384243
1,0.9999999403953552,0.999999463558197,0.9999991655349731,0.0011241614120081067,0.0012692755553871393
1,0.9999999403953552,0.9999991059303284,0.9999992847442627,0.001306399004533887,0.001318699331022799
1,0.9999999403953552,0.9999886155128479,0.999988317489624,0.004882715176790953,0.004860199987888336
1,0.9999998807907104,0.9999985694885254,0.9999983906745911,0.0017386397812515497,0.001814163289964199
1,1.0000001192092896,0.9999997615814209,0.9999998211860657,0.0006985542131587863,0.0007609548629261553
1,1.0,0.999999463558197,0.999999463558197,0.0010977224446833134,0.0011662653414532542
2,0.9999757409095764,0.9999992847442627,0.9999992847442627,0.0012879259884357452,0.0012753538321703672
1,1.0000001192092896,0.9999993443489075,0.9999993443489075,0.0010616204235702753,0.0011508897878229618
1,1.0000001192092896,0.9999998807907104,0.9999998211860657,0.000863829511217773,0.0008966364548541605
1,1.000000238418579,0.9999950528144836,0.9999947547912598,0.0032448682468384504,0.0033297922927886248
2,0.9999749660491943,0.9999985098838806,0.9999976754188538,0.00179954688064754,0.0022291007917374372
1,0.9999999403953552,0.999999463558197,0.9999990463256836,0.0010927871335297823,0.0014574934029951692
1,1.0,0.9999997615814209,0.9999996423721313,0.0008662492036819458,0.0009711578022688627
1,1.0000001192092896,0.9999995827674866,0.9999994039535522,0.0008802000666037202,0.0011744382791221142
1,1.0,0.9999977350234985,0.9999974370002747,0.0022336826659739017,0.002301320666447282
1,0.9999999403953552,0.9999978542327881,0.9999978542327881,0.002050667302682996,0.0020573430228978395
1,1.0,0.9999994039535522,0.9999992847442627,0.001178327831439674,0.0014187914784997702
1,1.0,0.9999960064888,0.9999956488609314,0.0030760332010686398,0.003124864771962166
1,0.9999999403953552,0.9999993443489075,0.9999991655349731,0.0011009492445737123,0.001353594707325101
1,1.0,0.9999991655349731,0.9999991059303284,0.0014118571998551488,0.001413376652635634
1,1.0,0.999998152256012,0.9999978542327881,0.002100253477692604,0.002156046684831381
1,1.0,0.9999966621398926,0.9999964833259583,0.0025997767224907875,0.002694319235160947
1,1.0,0.9999969005584717,0.9999967813491821,0.002464820398017764,0.002542664762586355
1,1.0,0.9999991059303284,0.999998927116394,0.001350437174551189,0.0015198864275589585
1,0.9999999403953552,0.9999987483024597,0.9999986886978149,0.0023321809712797403,0.002498910529538989
2,0.9997754693031311,0.9999984502792358,0.9999984502792358,0.0018586968071758747,0.001816245843656361
1,1.0000001192092896,0.9999984502792358,0.9999986290931702,0.0017715025460347533,0.0017181893344968557
1,0.9999999403953552,0.9999945163726807,0.999994158744812,0.0033612216357141733,0.0034550668206065893
1,1.0,0.999998927116394,0.9999988079071045,0.001501438906416297,0.0015971724642440677
1,1.0000001192092896,0.9999985694885254,0.9999977350234985,0.001911901286803186,0.0022452655248343945
1,1.0,0.9999972581863403,0.9999967813491821,0.0023669442161917686,0.0025164023973047733
1,1.0000001192092896,0.9999992847442627,0.9999991655349731,0.0013844765489920974,0.0014915199717506766
1,1.0,0.9999992847442627,0.9999991655349731,0.0013644174905493855,0.0015193851431831717
1,1.0,0.9999988675117493,0.9999986290931702,0.0014887909637764096,0.001668559736572206
1,0.9999998807907104,0.999999463558197,0.999999463558197,0.001072888495400548,0.0011421352392062545
1,1.0,0.9999980926513672,0.9999979138374329,0.0022398964501917362,0.002236737636849284
1,1.000000238418579,0.9999995231628418,0.9999992847442627,0.0009969458915293217,0.0011298070894554257
1,1.0000001192092896,0.9999832510948181,0.9999830722808838,0.007082356605678797,0.007082842756062746
1,1.0,0.9999997615814209,0.9999996423721313,0.0007440881454385817,0.000780847854912281
1,1.0000001192092896,0.9999992847442627,0.9999991655349731,0.0012561914045363665,0.001306841499172151
1,0.9999999403953552,0.9999973177909851,0.999997079372406,0.0022796401754021645,0.002397865056991577
1,1.0,0.999967098236084,0.9999651312828064,0.008122244849801064,0.00836971402168274
1,1.0000001192092896,0.9999982118606567,0.999998152256012,0.002165459096431732,0.0022017708979547024
2,0.9999884963035583,0.9999966025352478,0.999996542930603,0.0026738285087049007,0.002736153779551387
1,1.0000001192092896,0.9999991059303284,0.9999991059303284,0.0019701807759702206,0.0019792341627180576
1,0.9999999403953552,0.9999973773956299,0.9999973177909851,0.0024172260891646147,0.002454988658428192
1,1.0000001192092896,0.9999962449073792,0.9999955892562866,0.0031525660306215286,0.0034424744080752134
1,1.0,0.9999988079071045,0.9999985694885254,0.0015756518114358187,0.001700156950391829
1,1.0000001192092896,0.9999958872795105,0.9999954104423523,0.0029233586974442005,0.003043430857360363
1,1.0,0.9999973773956299,0.999997079372406,0.002345730783417821,0.0024948110803961754
1,0.9999999403953552,0.9999997615814209,0.9999997019767761,0.0008339027408510447,0.0008901439141482115
1,1.0,0.9999998211860657,0.9999998807907104,0.00047953904140740633,0.0005739587359130383
1,1.000000238418579,0.9999975562095642,0.9999958872795105,0.002472966443747282,0.0033966568298637867
1,1.0,0.999998927116394,0.9999988675117493,0.0014360661152750254,0.0015598859172314405
1,1.000000238418579,0.9999983906745911,0.9999982118606567,0.0018137269653379917,0.0019126675324514508
2,0.9993320107460022,0.9999921321868896,0.9999911785125732,0.004075576551258564,0.004236668348312378
3,0.999062716960907,0.9999920725822449,0.9999912977218628,0.004144704435020685,0.004247239790856838
2,0.9981493949890137,0.9999926090240479,0.9999918937683105,0.004101330880075693,0.004199970979243517
1,0.9999999403953552,0.9999927282333374,0.9999921321868896,0.003939497750252485,0.004124659579247236
1,1.0,0.9999957084655762,0.9999950528144836,0.004162986762821674,0.004382229410111904
1,0.9999998807907104,0.9999978542327881,0.9999975562095642,0.00212437123991549,0.002214050618931651
1,1.0,0.9999890327453613,0.9999886155128479,0.006424269173294306,0.006520450580865145
1,1.0,0.9999984502792358,0.9999984502792358,0.0017874074401333928,0.0018102736212313175
1,1.0000001192092896,0.9999990463256836,0.9999989867210388,0.0019550633151084185,0.0020908876322209835
1,1.000000238418579,0.9999991059303284,0.9999991059303284,0.001450025592930615,0.0016366334166377783
1,1.0,0.9999910593032837,0.9999911189079285,0.00442247511819005,0.00444339495152235
1,0.9999999403953552,0.9999948143959045,0.9999945759773254,0.0038954406045377254,0.003989618271589279
1,0.9999999403953552,0.9999990463256836,0.9999988675117493,0.001602574368007481,0.0016694667283445597
1,1.0,0.9999987483024597,0.9999983906745911,0.001692950609140098,0.0018939246656373143
1,1.0,0.9999984502792358,0.999998152256012,0.0017893395852297544,0.0019237318774685264
1,0.9999998807907104,0.9999990463256836,0.999998927116394,0.0014240002492442727,0.0015376392984762788
1,1.0,0.9999979734420776,0.9999977946281433,0.002153193112462759,0.002158327726647258
1,1.0000001192092896,0.9999958276748657,0.9999955296516418,0.002925268607214093,0.00301773427054286
2,0.9999862909317017,0.9999977946281433,0.9999980330467224,0.00227677752263844,0.0021015561651438475
1,1.0,0.9999985098838806,0.9999985694885254,0.0017986245220527053,0.0018630874110385776
1,1.0000001192092896,0.9999996423721313,0.9999998807907104,0.0009019190911203623,0.0007517944904975593
1,1.0,0.9999982714653015,0.9999983310699463,0.0019393531838431954,0.0019130593864247203
1,0.9999998211860657,0.9999998211860657,0.9999998807907104,0.0007185839931480587,0.000732296786736697
1,1.0,0.9999997019767761,0.9999996423721313,0.0007946299738250673,0.000879755534697324
2,0.9999918341636658,0.9999991059303284,0.9999990463256836,0.0013417053269222379,0.0014631146332249045
1,1.0000001192092896,0.9999998211860657,0.9999996423721313,0.0007891077548265457,0.00101305334828794
1,1.0,0.999998927116394,0.9999988079071045,0.001497900695540011,0.0016161671373993158
1,1.0,0.9999995827674866,0.9999992847442627,0.0010266019962728024,0.00128513528034091
1,1.0000001192092896,0.9999970197677612,0.9999967813491821,0.0024660727940499783,0.002568703843280673
1,1.0,0.9999972581863403,0.9999968409538269,0.002681680954992771,0.0027374348137527704
1,0.9999998807907104,0.9999991655349731,0.9999989867210388,0.001321549410931766,0.0014644083566963673
